association_index,dataset_id,category,kind,expected_bytes,bytes,sha256,path,source_url
1,M.HARPS.2026-08-11T09:34:58.593,STD_TABLE,static,46080,46080,3a5ab46eda9c7201f8143a20e79cf311715e41bc8f5310eb9d859c87af642e59,data/harps_calibrations/night_2022-02-18/M.HARPS.2026-08-11T09:34:58.593.fits,https://dataportal.eso.org/dataPortal/file/M.HARPS.2026-08-11T09:34:58.593
2,M.HARPS.2026-08-11T09:35:01.410,MASK_LUT,static,8640,8640,a44cc1999dd72a2869fee42fa38d26b41dc61600873943b91d92248805bca774,data/harps_calibrations/night_2022-02-18/M.HARPS.2026-08-11T09:35:01.410.fits,https://dataportal.eso.org/dataPortal/file/M.HARPS.2026-08-11T09:35:01.410
3,M.HARPS.2026-08-11T09:34:25.623,EXT_TABLE,static,8640,8640,c297827a1ac4a5463f7a57d470bb179e7c24f2dc89a1bfc47583f032b5f94468,data/harps_calibrations/night_2022-02-18/M.HARPS.2026-08-11T09:34:25.623.fits,https://dataportal.eso.org/dataPortal/file/M.HARPS.2026-08-11T09:34:25.623
4,M.HARPS.2026-08-11T09:34:32.386,FLUX_TEMPLATE,static,31680,31680,4ce864bcdf349e67fea06f7491db982c833ee9524396787dfc614fae074d30f1,data/harps_calibrations/night_2022-02-18/M.HARPS.2026-08-11T09:34:32.386.fits,https://dataportal.eso.org/dataPortal/file/M.HARPS.2026-08-11T09:34:32.386
5,M.HARPS.2026-08-11T09:33:58.176,REL_EFF_B,static,1229760,1229760,aa06dcee379ed23045a30edcafd15ca796727fd1488213385917d3f5f577fc93,data/harps_calibrations/night_2022-02-18/M.HARPS.2026-08-11T09:33:58.176.fits,https://dataportal.eso.org/dataPortal/file/M.HARPS.2026-08-11T09:33:58.176
6,M.HARPS.2026-08-11T09:34:30.916,CCD_GEOM,static,23040,23040,fee3acdae813983cc6a44d2f4c16bce091422770a853174ed44ba5d1dcff58e6,data/harps_calibrations/night_2022-02-18/M.HARPS.2026-08-11T09:34:30.916.fits,https://dataportal.eso.org/dataPortal/file/M.HARPS.2026-08-11T09:34:30.916
7,M.HARPS.2026-08-11T09:33:59.773,HOT_PIXEL_MASK,static,33632640,33632640,91940d67086e0f7cb1c9ad00567a098a32e4866f0f90b3df6db584a7302b8292,data/harps_calibrations/night_2022-02-18/M.HARPS.2026-08-11T09:33:59.773.fits,https://dataportal.eso.org/dataPortal/file/M.HARPS.2026-08-11T09:33:59.773
8,M.HARPS.2026-08-11T09:33:46.483,BAD_PIXEL_MASK,static,33577920,33577920,b0af3c3ecc4f3a8f07c2cff6492ae619d20acc4be23acd481f5b5fce2b6a058d,data/harps_calibrations/night_2022-02-18/M.HARPS.2026-08-11T09:33:46.483.fits,https://dataportal.eso.org/dataPortal/file/M.HARPS.2026-08-11T09:33:46.483
9,HARPS.2022-02-18T20:09:14.821,ORDERDEF_A,raw,20493007,35256960,f8222d00d11e33bff18cdb6492812c02f757d4267dbf89f3ac84949b19ba967f,data/harps_calibrations/night_2022-02-18/HARPS.2022-02-18T20:09:14.821.fits,https://dataportal.eso.org/dataPortal/file/HARPS.2022-02-18T20:09:14.821
10,HARPS.2022-02-18T20:10:31.894,ORDERDEF_B,raw,19227223,35256960,10d7238dc2c0f6278dfd1d97f7ec2879166ed3444ed9574a4dc1678cb087cd66,data/harps_calibrations/night_2022-02-18/HARPS.2022-02-18T20:10:31.894.fits,https://dataportal.eso.org/dataPortal/file/HARPS.2022-02-18T20:10:31.894
11,HARPS.2022-02-18T20:11:53.128,FLAT,raw,23845899,35256960,ea0c32b6114a587c83187f0f3e629821a398dbaf46b5d027823c0594c8f9c5a0,data/harps_calibrations/night_2022-02-18/HARPS.2022-02-18T20:11:53.128.fits,https://dataportal.eso.org/dataPortal/file/HARPS.2022-02-18T20:11:53.128
12,HARPS.2022-02-18T20:12:48.421,FLAT,raw,23608601,35256960,5906c3184c14c39e7737474fd99002f02e834d770058d9a32a86aabc74c45e78,data/harps_calibrations/night_2022-02-18/HARPS.2022-02-18T20:12:48.421.fits,https://dataportal.eso.org/dataPortal/file/HARPS.2022-02-18T20:12:48.421
13,HARPS.2022-02-18T20:13:44.424,FLAT,raw,23748931,35256960,9e2df994f126dfc9cee324fc6d7f99d3a8cde6dc97043e099b236a71204f8112,data/harps_calibrations/night_2022-02-18/HARPS.2022-02-18T20:13:44.424.fits,https://dataportal.eso.org/dataPortal/file/HARPS.2022-02-18T20:13:44.424
14,HARPS.2022-02-18T20:14:40.417,FLAT,raw,23527785,35256960,877b126a63d95063fd85128a9c845a95c4f66ec2f8f1d2d4faeb8cd7a70809ca,data/harps_calibrations/night_2022-02-18/HARPS.2022-02-18T20:14:40.417.fits,https://dataportal.eso.org/dataPortal/file/HARPS.2022-02-18T20:14:40.417
15,HARPS.2022-02-18T20:15:36.430,FLAT,raw,23399731,35256960,41199648984241d0a2475b15b91b81ed5cfa1876540ff0efae41545205b7d014,data/harps_calibrations/night_2022-02-18/HARPS.2022-02-18T20:15:36.430.fits,https://dataportal.eso.org/dataPortal/file/HARPS.2022-02-18T20:15:36.430
16,M.HARPS.2024-03-21T10:25:03.996,STATIC_WAVE_MATRIX_A,static,2413440,2413440,f00506ca92f0d51f998a90a35e4cc5cc58de0080ac1ed860ca12dbfdd69b119d,data/harps_calibrations/night_2022-02-18/M.HARPS.2024-03-21T10:25:03.996.fits,https://dataportal.eso.org/dataPortal/file/M.HARPS.2024-03-21T10:25:03.996
17,M.HARPS.2024-03-21T10:25:05.696,STATIC_WAVE_MATRIX_B,static,2381760,2381760,509d0843d0096e8cbd441ab75a2d2a12f200d5477a172061b8e0ef59b3f689f3,data/harps_calibrations/night_2022-02-18/M.HARPS.2024-03-21T10:25:05.696.fits,https://dataportal.eso.org/dataPortal/file/M.HARPS.2024-03-21T10:25:05.696
18,M.HARPS.2024-03-21T10:24:58.140,STATIC_DLL_MATRIX_A,static,2413440,2413440,e4020ce4f6b1b9f61bdcb95e9cb32aadd0634867710cae19f628e2f9b6a6ce43,data/harps_calibrations/night_2022-02-18/M.HARPS.2024-03-21T10:24:58.140.fits,https://dataportal.eso.org/dataPortal/file/M.HARPS.2024-03-21T10:24:58.140
19,M.HARPS.2024-03-21T10:25:00.100,STATIC_DLL_MATRIX_B,static,2381760,2381760,6ad3c7873cf25deab0cf8ccf8c1e34b772fe70e8592e662fa68e857b5b35e6b6,data/harps_calibrations/night_2022-02-18/M.HARPS.2024-03-21T10:25:00.100.fits,https://dataportal.eso.org/dataPortal/file/M.HARPS.2024-03-21T10:25:00.100
20,HARPS.2022-02-18T20:30:12.436,THAR_THAR,raw,14344769,35259840,bda3f6b2ed9a3a131c6f55957c81b54efd713e497d8f30cc51375265ba1a6766,data/harps_calibrations/night_2022-02-18/HARPS.2022-02-18T20:30:12.436.fits,https://dataportal.eso.org/dataPortal/file/HARPS.2022-02-18T20:30:12.436
21,M.HARPS.2026-08-11T09:34:50.373,PIXEL_GEOM_A,static,2332800,2332800,e7d2ce2f409e5fe1c3ec97abb847cbd5f8d00bf69f4ce64952cd3c59adc658f1,data/harps_calibrations/night_2022-02-18/M.HARPS.2026-08-11T09:34:50.373.fits,https://dataportal.eso.org/dataPortal/file/M.HARPS.2026-08-11T09:34:50.373
22,M.HARPS.2026-08-11T09:34:51.753,PIXEL_GEOM_B,static,2301120,2301120,a680eb694f7a96335b570216fc5a5dc423fdfe28a40b7775c02896187b1c7df2,data/harps_calibrations/night_2022-02-18/M.HARPS.2026-08-11T09:34:51.753.fits,https://dataportal.eso.org/dataPortal/file/M.HARPS.2026-08-11T09:34:51.753
23,M.HARPS.2026-08-11T09:34:53.130,PIXEL_SIZE_A,static,2332800,2332800,790400e83ec6c2eddb637b5eb033033fee7284dbc1f0fa66090112991b47ff15,data/harps_calibrations/night_2022-02-18/M.HARPS.2026-08-11T09:34:53.130.fits,https://dataportal.eso.org/dataPortal/file/M.HARPS.2026-08-11T09:34:53.130
24,M.HARPS.2026-08-11T09:34:54.486,PIXEL_SIZE_B,static,2301120,2301120,f6095d29c9268be4e21c0eb434b45142aabb8aab188e3832d42197566a86cd68,data/harps_calibrations/night_2022-02-18/M.HARPS.2026-08-11T09:34:54.486.fits,https://dataportal.eso.org/dataPortal/file/M.HARPS.2026-08-11T09:34:54.486
25,M.HARPS.2026-08-11T09:36:16.600,STATIC_LINE_TABLE_A,static,164160,164160,05c6d371e82e0e5829b59ca2a0e569fed6a1db44cb40d452e010d6498108364f,data/harps_calibrations/night_2022-02-18/M.HARPS.2026-08-11T09:36:16.600.fits,https://dataportal.eso.org/dataPortal/file/M.HARPS.2026-08-11T09:36:16.600
26,M.HARPS.2026-08-11T09:36:17.876,STATIC_LINE_TABLE_B,static,152640,152640,3390556f6008bbd3731b7eede51d5b54d4951a0107b1611d3ead57f098900f34,data/harps_calibrations/night_2022-02-18/M.HARPS.2026-08-11T09:36:17.876.fits,https://dataportal.eso.org/dataPortal/file/M.HARPS.2026-08-11T09:36:17.876
27,M.HARPS.2026-08-11T09:36:09.323,REF_LINE_TABLE_A,static,204480,204480,72252aad5b5229d5ca18ed2877e834e965f0bc0f40fc0b67ca986226bec55ec4,data/harps_calibrations/night_2022-02-18/M.HARPS.2026-08-11T09:36:09.323.fits,https://dataportal.eso.org/dataPortal/file/M.HARPS.2026-08-11T09:36:09.323
28,M.HARPS.2026-08-11T09:36:10.740,REF_LINE_TABLE_B,static,192960,192960,869cd47ef5b92918b2bd465dc258886d5a2db7f43fc9ecd87e0d1d0d136f3957,data/harps_calibrations/night_2022-02-18/M.HARPS.2026-08-11T09:36:10.740.fits,https://dataportal.eso.org/dataPortal/file/M.HARPS.2026-08-11T09:36:10.740
29,HARPS.2022-02-18T20:33:21.425,THAR_FP,raw,18360881,35259840,666ed7d68c07824f254f0c741ac69de890f496fd25b4a692b54f34850293365d,data/harps_calibrations/night_2022-02-18/HARPS.2022-02-18T20:33:21.425.fits,https://dataportal.eso.org/dataPortal/file/HARPS.2022-02-18T20:33:21.425
