dp_id,obs_id,program_id,target_name,instrument_name,observed_at_utc,archive_snr,path,bytes,sha256,source_url
ADP.2022-02-17T01:09:52.145,1000160900,106.21TJ.001,TOI-2458,HARPS,2022-02-16T01:27:52.181+00:00,70.0,data/toi2458_all_epochs/ADP.2022-02-17T01_09_52.145.fits,5264640,554a658e728dc5971aa80d44bfee6030fa1bacb1e2a749ed144857fee4cc1c4b,https://dataportal.eso.org/dataPortal/file/ADP.2022-02-17T01:09:52.145
ADP.2022-02-18T01:08:20.617,1000160900,106.21TJ.001,TOI-2458,HARPS,2022-02-17T01:26:40.203+00:00,79.4,data/toi2458_all_epochs/ADP.2022-02-18T01_08_20.617.fits,5264640,d417f9dc0024ef15ba04b1b1e830b347b74e006072a60f4f161845bcbf375caa,https://dataportal.eso.org/dataPortal/file/ADP.2022-02-18T01:08:20.617
ADP.2022-02-21T09:05:19.614,1000160900,106.21TJ.001,TOI-2458,HARPS,2022-02-18T00:17:52.636+00:00,94.8,data/toi2458_all_epochs/ADP.2022-02-21T09_05_19.614.fits,5264640,5185997358aeb01688e005c745eaabca19d2459b87880df629984713b56facb8,https://dataportal.eso.org/dataPortal/file/ADP.2022-02-21T09:05:19.614
ADP.2022-02-21T09:05:19.620,1000160900,106.21TJ.001,TOI-2458,HARPS,2022-02-18T01:58:30.212+00:00,86.9,data/toi2458_all_epochs/ADP.2022-02-21T09_05_19.620.fits,5264640,8122486c36b5963f31567118f71e49896d4e9b4bded69fa019240b2adc568524,https://dataportal.eso.org/dataPortal/file/ADP.2022-02-21T09:05:19.620
ADP.2022-02-20T01:06:53.624,1000160900,106.21TJ.001,TOI-2458,HARPS,2022-02-19T00:15:10.071+00:00,108.0,data/toi2458_all_epochs/ADP.2022-02-20T01_06_53.624.fits,5264640,ac6a8febc098fe54b250724dc40b777e708f91959291d894ab6fb9ae425a0f3c,https://dataportal.eso.org/dataPortal/file/ADP.2022-02-20T01:06:53.624
ADP.2022-02-20T01:06:53.630,1000160900,106.21TJ.001,TOI-2458,HARPS,2022-02-19T01:56:44.921+00:00,87.5,data/toi2458_all_epochs/ADP.2022-02-20T01_06_53.630.fits,5264640,cc8200229dc0aa20d27793ee826e2f401650690cfc990a1522d2a1f991a4733d,https://dataportal.eso.org/dataPortal/file/ADP.2022-02-20T01:06:53.630
ADP.2022-02-21T01:01:25.324,1000160900,106.21TJ.001,TOI-2458,HARPS,2022-02-20T00:14:55.621+00:00,93.4,data/toi2458_all_epochs/ADP.2022-02-21T01_01_25.324.fits,5264640,4bf94498719fa26ca5890acb528d07a631b2a27c522380d8dc5faa7a1e63e119,https://dataportal.eso.org/dataPortal/file/ADP.2022-02-21T01:01:25.324
ADP.2022-02-21T01:01:25.326,1000160900,106.21TJ.001,TOI-2458,HARPS,2022-02-20T01:21:24.900+00:00,95.4,data/toi2458_all_epochs/ADP.2022-02-21T01_01_25.326.fits,5264640,943bf5ffbb4fdf74fc02ed4e2db7686a2b81f83764eed15333b9ee7dacd8b081,https://dataportal.eso.org/dataPortal/file/ADP.2022-02-21T01:01:25.326
ADP.2022-02-21T01:01:25.328,1000160900,106.21TJ.001,TOI-2458,HARPS,2022-02-20T01:46:56.630+00:00,101.1,data/toi2458_all_epochs/ADP.2022-02-21T01_01_25.328.fits,5264640,65314e882ee17c3f90cc91e567ab24f53d316e80010813897b4ca9b6b04c0a67,https://dataportal.eso.org/dataPortal/file/ADP.2022-02-21T01:01:25.328
ADP.2022-02-22T01:03:34.261,1000160900,106.21TJ.001,TOI-2458,HARPS,2022-02-21T00:13:12.699+00:00,90.6,data/toi2458_all_epochs/ADP.2022-02-22T01_03_34.261.fits,5264640,5ab9ed2c8256110966d21528718eb48c8a17913b8cd5007a5b32dfb398c874c1,https://dataportal.eso.org/dataPortal/file/ADP.2022-02-22T01:03:34.261
ADP.2022-02-22T01:03:34.267,1000160900,106.21TJ.001,TOI-2458,HARPS,2022-02-21T01:53:03.032+00:00,89.7,data/toi2458_all_epochs/ADP.2022-02-22T01_03_34.267.fits,5264640,83bad9b91eef171fde4782ae11b8d344e0bbb3ccc6466e7caa31192a8dd46a54,https://dataportal.eso.org/dataPortal/file/ADP.2022-02-22T01:03:34.267
ADP.2022-02-23T01:00:40.108,1000160900,106.21TJ.001,TOI-2458,HARPS,2022-02-22T00:11:38.491+00:00,100.5,data/toi2458_all_epochs/ADP.2022-02-23T01_00_40.108.fits,5264640,16fe71535ecf9eb967340a496fafda1c517f3593c0763672425c660ee5f1ab4b,https://dataportal.eso.org/dataPortal/file/ADP.2022-02-23T01:00:40.108
ADP.2022-02-23T01:00:40.104,1000160900,106.21TJ.001,TOI-2458,HARPS,2022-02-22T02:06:47.934+00:00,93.3,data/toi2458_all_epochs/ADP.2022-02-23T01_00_40.104.fits,5264640,3b5f23e87087a89dfc00c63c1e367f41c24ce4e11369a263a285604ad1202348,https://dataportal.eso.org/dataPortal/file/ADP.2022-02-23T01:00:40.104
ADP.2022-02-24T01:01:15.557,1000160900,106.21TJ.001,TOI-2458,HARPS,2022-02-23T00:23:42.387+00:00,93.2,data/toi2458_all_epochs/ADP.2022-02-24T01_01_15.557.fits,5264640,12e08f6b6e26e2c0f87b085de068a29b0b6454cb351a85c8da7ba534c3e5837b,https://dataportal.eso.org/dataPortal/file/ADP.2022-02-24T01:01:15.557
ADP.2022-02-24T01:01:15.563,1000160900,106.21TJ.001,TOI-2458,HARPS,2022-02-23T02:13:40.722+00:00,76.0,data/toi2458_all_epochs/ADP.2022-02-24T01_01_15.563.fits,5264640,a76623e158bbd1a362944573665521d66653ad71a3c5da39c8b35549e2fb080e,https://dataportal.eso.org/dataPortal/file/ADP.2022-02-24T01:01:15.563
ADP.2022-02-25T01:01:16.362,1000160900,106.21TJ.001,TOI-2458,HARPS,2022-02-24T00:17:02.230+00:00,81.7,data/toi2458_all_epochs/ADP.2022-02-25T01_01_16.362.fits,5264640,94d0a4fb5e8ea022880fb1411c916f5f9fcfe6a46b8b431df303a0f2ad8d8476,https://dataportal.eso.org/dataPortal/file/ADP.2022-02-25T01:01:16.362
ADP.2022-02-25T01:01:16.368,1000160900,106.21TJ.001,TOI-2458,HARPS,2022-02-24T02:09:40.815+00:00,78.3,data/toi2458_all_epochs/ADP.2022-02-25T01_01_16.368.fits,5264640,47ba54df53bd002869bd5c06b170859a210bffbbaaa1f2b5488be573cb171ad2,https://dataportal.eso.org/dataPortal/file/ADP.2022-02-25T01:01:16.368
ADP.2022-02-27T01:12:52.794,1000160900,106.21TJ.001,TOI-2458,HARPS,2022-02-26T00:07:49.918+00:00,98.0,data/toi2458_all_epochs/ADP.2022-02-27T01_12_52.794.fits,5264640,381551b1825e2dc6e134b82c13489c070f6473ebb82287c153b2b6856eb929b6,https://dataportal.eso.org/dataPortal/file/ADP.2022-02-27T01:12:52.794
ADP.2022-02-27T01:12:52.800,1000160900,106.21TJ.001,TOI-2458,HARPS,2022-02-26T01:59:58.250+00:00,90.0,data/toi2458_all_epochs/ADP.2022-02-27T01_12_52.800.fits,5264640,e069ab3e5088d24584f2b09daa722d9fecfe5d4efb541fb947c10184d8bc7651,https://dataportal.eso.org/dataPortal/file/ADP.2022-02-27T01:12:52.800
ADP.2022-02-28T01:08:47.417,1000160900,106.21TJ.001,TOI-2458,HARPS,2022-02-27T00:07:23.210+00:00,99.5,data/toi2458_all_epochs/ADP.2022-02-28T01_08_47.417.fits,5264640,5f4ba774f179339c74dab6448b9bd9c0a9a130e55167ed9a69e3425319d42c08,https://dataportal.eso.org/dataPortal/file/ADP.2022-02-28T01:08:47.417
ADP.2022-02-28T01:08:47.423,1000160900,106.21TJ.001,TOI-2458,HARPS,2022-02-27T01:58:24.730+00:00,80.9,data/toi2458_all_epochs/ADP.2022-02-28T01_08_47.423.fits,5264640,e701451c63ffd7927ef557213c20e53a33359599ab5dea5323fec33500380d09,https://dataportal.eso.org/dataPortal/file/ADP.2022-02-28T01:08:47.423
ADP.2022-03-01T01:01:55.864,1000160900,106.21TJ.001,TOI-2458,HARPS,2022-02-28T00:05:59.139+00:00,104.4,data/toi2458_all_epochs/ADP.2022-03-01T01_01_55.864.fits,5267520,a4a7534556d3cc469224e0f46b31a946886520c67a3b405e4ccf860de0b8c3df,https://dataportal.eso.org/dataPortal/file/ADP.2022-03-01T01:01:55.864
ADP.2022-03-02T01:01:48.711,1000160900,106.21TJ.001,TOI-2458,HARPS,2022-03-01T00:58:16.419+00:00,91.0,data/toi2458_all_epochs/ADP.2022-03-02T01_01_48.711.fits,5264640,b44b81bd007246f493a269590fb15d89c6293b5044479584facf6678b20feea6,https://dataportal.eso.org/dataPortal/file/ADP.2022-03-02T01:01:48.711
ADP.2022-03-03T01:01:51.107,1000160900,106.21TJ.001,TOI-2458,HARPS,2022-03-02T00:05:02.930+00:00,82.7,data/toi2458_all_epochs/ADP.2022-03-03T01_01_51.107.fits,5264640,03dcd546263f1a113ae710253e4849110d3e20a5873a58e66c08cc9d03362b32,https://dataportal.eso.org/dataPortal/file/ADP.2022-03-03T01:01:51.107
ADP.2022-03-04T01:01:47.537,1000160900,106.21TJ.001,TOI-2458,HARPS,2022-03-03T00:02:22.533+00:00,93.1,data/toi2458_all_epochs/ADP.2022-03-04T01_01_47.537.fits,5264640,49fa22719e8fcff0e7c0a04f453cd74325ed6f41b20165ee0a4db3e152ddddc2,https://dataportal.eso.org/dataPortal/file/ADP.2022-03-04T01:01:47.537
ADP.2022-03-05T01:01:57.634,1000160900,106.21TJ.001,TOI-2458,HARPS,2022-03-04T00:01:26.242+00:00,83.7,data/toi2458_all_epochs/ADP.2022-03-05T01_01_57.634.fits,5264640,0a21bf45297f35e55ebf39688f320ea26a2fc2d66d505216b992057995977070,https://dataportal.eso.org/dataPortal/file/ADP.2022-03-05T01:01:57.634
ADP.2022-03-06T01:01:33.911,1000160900,106.21TJ.001,TOI-2458,HARPS,2022-03-05T00:04:38.038+00:00,82.9,data/toi2458_all_epochs/ADP.2022-03-06T01_01_33.911.fits,5264640,67fc302f1d95c0003de051310154f020a1d191abb53b6b94651f13664cbb3adb,https://dataportal.eso.org/dataPortal/file/ADP.2022-03-06T01:01:33.911
ADP.2022-03-07T01:01:03.611,1000160900,106.21TJ.001,TOI-2458,HARPS,2022-03-06T00:01:25.850+00:00,72.0,data/toi2458_all_epochs/ADP.2022-03-07T01_01_03.611.fits,5264640,d8b5f433ba8b267919ec6b8f8dc919124f37caf3511cffb128a3e6c0e45b7955,https://dataportal.eso.org/dataPortal/file/ADP.2022-03-07T01:01:03.611
ADP.2022-03-08T01:01:37.324,1000160900,106.21TJ.001,TOI-2458,HARPS,2022-03-06T23:59:33.270+00:00,78.0,data/toi2458_all_epochs/ADP.2022-03-08T01_01_37.324.fits,5264640,e0f4fdc8a15798c311f3040d054a20635a75d01030e3d703dca8b95eb524110e,https://dataportal.eso.org/dataPortal/file/ADP.2022-03-08T01:01:37.324
ADP.2022-03-09T01:01:43.431,1000160900,106.21TJ.001,TOI-2458,HARPS,2022-03-07T23:59:48.250+00:00,86.4,data/toi2458_all_epochs/ADP.2022-03-09T01_01_43.431.fits,5264640,fed6d2bc5233649c44c37febc22b91a57676a2904daf4e34d7efad43cb5fec31,https://dataportal.eso.org/dataPortal/file/ADP.2022-03-09T01:01:43.431
ADP.2022-03-10T01:02:01.851,1000160900,106.21TJ.001,TOI-2458,HARPS,2022-03-08T23:55:09.172+00:00,90.4,data/toi2458_all_epochs/ADP.2022-03-10T01_02_01.851.fits,5264640,cc505ef9b0dbff633e9b381f01d00bc2c000d214705fbcf459b317fe41778fe6,https://dataportal.eso.org/dataPortal/file/ADP.2022-03-10T01:02:01.851
ADP.2022-03-11T01:01:42.904,1000160900,106.21TJ.001,TOI-2458,HARPS,2022-03-09T23:56:14.833+00:00,93.7,data/toi2458_all_epochs/ADP.2022-03-11T01_01_42.904.fits,5264640,8577db1cd15f17ded798598b5d58844e0128fb120bec458ba8790df21386d494,https://dataportal.eso.org/dataPortal/file/ADP.2022-03-11T01:01:42.904
ADP.2022-03-16T01:08:23.999,1000166294,108.21YY.001,TOI-2458,HARPS,2022-03-15T00:38:56.437+00:00,73.8,data/toi2458_all_epochs/ADP.2022-03-16T01_08_23.999.fits,5267520,1a6bc38efc7f2d901db39abc73746578c596827d5f9a8addd13fa3c79655f6aa,https://dataportal.eso.org/dataPortal/file/ADP.2022-03-16T01:08:23.999
ADP.2022-03-20T01:01:31.167,1000160900,106.21TJ.001,TOI-2458,HARPS,2022-03-18T23:55:16.711+00:00,77.8,data/toi2458_all_epochs/ADP.2022-03-20T01_01_31.167.fits,5264640,52369816ef2d5e3349d465286d5607fea5e0ca84210e25cef21c57bff2511a19,https://dataportal.eso.org/dataPortal/file/ADP.2022-03-20T01:01:31.167
ADP.2022-03-20T01:01:31.171,1000160900,106.21TJ.001,TOI-2458,HARPS,2022-03-19T00:39:15.140+00:00,69.0,data/toi2458_all_epochs/ADP.2022-03-20T01_01_31.171.fits,5264640,62d95accd9bf0a1d7973b0e62d04ad5ca11e15f1a8bdca12edd831ec2e501421,https://dataportal.eso.org/dataPortal/file/ADP.2022-03-20T01:01:31.171
ADP.2022-03-21T01:01:37.477,1000160900,106.21TJ.001,TOI-2458,HARPS,2022-03-19T23:47:55.280+00:00,82.5,data/toi2458_all_epochs/ADP.2022-03-21T01_01_37.477.fits,5264640,1b8e681c3e1ea5f402f1a637814facb9dd78073a49d483db8f6e360fa880a8bd,https://dataportal.eso.org/dataPortal/file/ADP.2022-03-21T01:01:37.477
ADP.2022-03-22T01:01:24.721,1000160900,106.21TJ.001,TOI-2458,HARPS,2022-03-20T23:43:24.078+00:00,86.7,data/toi2458_all_epochs/ADP.2022-03-22T01_01_24.721.fits,5264640,b3dd3839e8376a35e90d4e9fddd8524c5cb19880dfd05863c6fc0e722fb67412,https://dataportal.eso.org/dataPortal/file/ADP.2022-03-22T01:01:24.721
ADP.2022-03-23T01:01:28.597,1000160900,106.21TJ.001,TOI-2458,HARPS,2022-03-21T23:45:10.830+00:00,92.9,data/toi2458_all_epochs/ADP.2022-03-23T01_01_28.597.fits,5264640,58b36e13e21a870dfe98c028491159091caf39163a85ed69d1f13e5a0ccdeb0a,https://dataportal.eso.org/dataPortal/file/ADP.2022-03-23T01:01:28.597
ADP.2022-03-24T01:03:51.863,1000160900,106.21TJ.001,TOI-2458,HARPS,2022-03-22T23:42:49.184+00:00,72.3,data/toi2458_all_epochs/ADP.2022-03-24T01_03_51.863.fits,5264640,4804a71b131a5dee7877d278dac102e655f26d874fc5050e27aebd661f31a381,https://dataportal.eso.org/dataPortal/file/ADP.2022-03-24T01:03:51.863
ADP.2022-03-25T01:07:01.314,1000160900,106.21TJ.001,TOI-2458,HARPS,2022-03-23T23:36:31.848+00:00,68.2,data/toi2458_all_epochs/ADP.2022-03-25T01_07_01.314.fits,5264640,cd66c336a93b421468212c3e384798bd077859c9dd93d2a89a24bd4dd8367599,https://dataportal.eso.org/dataPortal/file/ADP.2022-03-25T01:07:01.314
ADP.2022-03-27T01:08:28.505,1000160900,106.21TJ.001,TOI-2458,HARPS,2022-03-26T00:23:50.650+00:00,79.4,data/toi2458_all_epochs/ADP.2022-03-27T01_08_28.505.fits,5264640,50b9e113814c83db8429657945bf305aa6aa4de6e9a114e0e01dba570e9cdfb1,https://dataportal.eso.org/dataPortal/file/ADP.2022-03-27T01:08:28.505
ADP.2022-03-28T01:01:38.104,1000160900,106.21TJ.001,TOI-2458,HARPS,2022-03-26T23:35:21.608+00:00,91.7,data/toi2458_all_epochs/ADP.2022-03-28T01_01_38.104.fits,5264640,82caa416baf965978af19c5e87704e324f44cdda081e47f910bec5958d1485d3,https://dataportal.eso.org/dataPortal/file/ADP.2022-03-28T01:01:38.104
ADP.2022-03-29T01:04:37.127,1000160900,106.21TJ.001,TOI-2458,HARPS,2022-03-28T00:33:52.921+00:00,76.8,data/toi2458_all_epochs/ADP.2022-03-29T01_04_37.127.fits,5264640,72b0e11a8976b3b873d3c71a770fca43095544ae949c4e4bf50a18797e6bce53,https://dataportal.eso.org/dataPortal/file/ADP.2022-03-29T01:04:37.127
ADP.2022-03-31T01:09:17.461,1000160900,106.21TJ.001,TOI-2458,HARPS,2022-03-29T23:29:21.688+00:00,74.2,data/toi2458_all_epochs/ADP.2022-03-31T01_09_17.461.fits,5264640,9bc645e385907e66893eedfbef3a04c2533718d9e14cb58850b205917c140624,https://dataportal.eso.org/dataPortal/file/ADP.2022-03-31T01:09:17.461
ADP.2022-04-02T01:01:28.017,1000160900,106.21TJ.001,TOI-2458,HARPS,2022-03-31T23:28:56.415+00:00,76.9,data/toi2458_all_epochs/ADP.2022-04-02T01_01_28.017.fits,5264640,fccd6f6dbe91c75261932397ca13ce5369cd6acd007a2f6e15fd8a14a51ae627,https://dataportal.eso.org/dataPortal/file/ADP.2022-04-02T01:01:28.017
ADP.2022-04-03T01:01:21.964,1000160900,106.21TJ.001,TOI-2458,HARPS,2022-04-01T23:42:05.828+00:00,84.3,data/toi2458_all_epochs/ADP.2022-04-03T01_01_21.964.fits,5264640,8db7f4188524cdc94cbbc43f3015ca233aac38e11e1943ac68a38a449d11cca4,https://dataportal.eso.org/dataPortal/file/ADP.2022-04-03T01:01:21.964
ADP.2022-04-04T01:01:35.401,1000160900,106.21TJ.001,TOI-2458,HARPS,2022-04-02T23:35:27.169+00:00,72.2,data/toi2458_all_epochs/ADP.2022-04-04T01_01_35.401.fits,5264640,289cc6718be6b665b96c80950d0ff7c432b875086a261985e9226ad74026b83a,https://dataportal.eso.org/dataPortal/file/ADP.2022-04-04T01:01:35.401
ADP.2022-04-06T01:01:33.181,1000160900,106.21TJ.001,TOI-2458,HARPS,2022-04-04T23:22:24.413+00:00,82.6,data/toi2458_all_epochs/ADP.2022-04-06T01_01_33.181.fits,5264640,41263e66c21d0d416ca05495c36e7a5531aaefdb4a96b9f6cb4ef7564a2b9946,https://dataportal.eso.org/dataPortal/file/ADP.2022-04-06T01:01:33.181
ADP.2022-04-07T01:01:33.247,1000160900,106.21TJ.001,TOI-2458,HARPS,2022-04-05T23:21:25.680+00:00,84.3,data/toi2458_all_epochs/ADP.2022-04-07T01_01_33.247.fits,5264640,104ee9a674b2dde48ac343268b64390d1f62532a3003279bcb593efbea587b89,https://dataportal.eso.org/dataPortal/file/ADP.2022-04-07T01:01:33.247
ADP.2022-04-08T01:09:45.817,1000160900,106.21TJ.001,TOI-2458,HARPS,2022-04-06T23:22:50.038+00:00,16.8,data/toi2458_all_epochs/ADP.2022-04-08T01_09_45.817.fits,5264640,4fa1319fae7e73baa13c2daa2d8c88d22bab320ba5a53d3c68514c2e7f624b40,https://dataportal.eso.org/dataPortal/file/ADP.2022-04-08T01:09:45.817
ADP.2022-04-09T01:03:22.027,1000160900,106.21TJ.001,TOI-2458,HARPS,2022-04-07T23:24:33.478+00:00,103.3,data/toi2458_all_epochs/ADP.2022-04-09T01_03_22.027.fits,5264640,273f834e134c0934ccb90d8d8c40e464edf8e6a2f3da81eff267cdc2a7355a9e,https://dataportal.eso.org/dataPortal/file/ADP.2022-04-09T01:03:22.027
ADP.2022-04-10T01:01:23.077,1000160900,106.21TJ.001,TOI-2458,HARPS,2022-04-08T23:23:22.751+00:00,87.8,data/toi2458_all_epochs/ADP.2022-04-10T01_01_23.077.fits,5264640,604494c77925c5c3648db0ca4f4d4fa55909f20abd0069e41e25e55ec38baefb,https://dataportal.eso.org/dataPortal/file/ADP.2022-04-10T01:01:23.077
ADP.2022-04-12T01:03:46.274,1000160900,106.21TJ.001,TOI-2458,HARPS,2022-04-10T23:20:47.541+00:00,62.1,data/toi2458_all_epochs/ADP.2022-04-12T01_03_46.274.fits,5264640,fb0d4e5b7cb416d7def0f04679e86e83dd9cb3a640aecadf8c199510f9cb3d4f,https://dataportal.eso.org/dataPortal/file/ADP.2022-04-12T01:03:46.274
ADP.2022-04-13T01:01:45.251,1000160900,106.21TJ.001,TOI-2458,HARPS,2022-04-11T23:16:55.921+00:00,74.5,data/toi2458_all_epochs/ADP.2022-04-13T01_01_45.251.fits,5264640,13a6c94840938e8f33d3e4a20ea5c2a1177c4efe9ef81f84b0d5fbcfff37e92b,https://dataportal.eso.org/dataPortal/file/ADP.2022-04-13T01:01:45.251
ADP.2022-04-14T01:01:17.534,1000160900,106.21TJ.001,TOI-2458,HARPS,2022-04-12T23:20:31.251+00:00,68.2,data/toi2458_all_epochs/ADP.2022-04-14T01_01_17.534.fits,5264640,4be0f096c27e9366be1668991c7196b16000b66cb47508553d440d56d7edd372,https://dataportal.eso.org/dataPortal/file/ADP.2022-04-14T01:01:17.534
ADP.2022-04-17T01:13:09.437,1000160900,106.21TJ.001,TOI-2458,HARPS,2022-04-15T23:26:59.038+00:00,71.6,data/toi2458_all_epochs/ADP.2022-04-17T01_13_09.437.fits,5264640,facfaeb22a4630fd73e2f54d99805ad73dad5c6b52fa7f520d64a716cf71ed78,https://dataportal.eso.org/dataPortal/file/ADP.2022-04-17T01:13:09.437
ADP.2022-11-09T01:25:13.749,1000256621,1102.C-0923(C),TOI-2458,HARPS,2022-11-08T06:01:04.738+00:00,71.2,data/toi2458_all_epochs/ADP.2022-11-09T01_25_13.749.fits,5264640,e07c14e0a1b155bca583bf24065f06570aceda99085358eb6f26af551f73225e,https://dataportal.eso.org/dataPortal/file/ADP.2022-11-09T01:25:13.749
ADP.2022-11-11T01:04:38.963,1000256621,1102.C-0923(C),TOI-2458,HARPS,2022-11-10T05:15:52.681+00:00,85.4,data/toi2458_all_epochs/ADP.2022-11-11T01_04_38.963.fits,5264640,f089957fee781c792e5f00e8958b38f5f9e68b4f98d57395f195a0a0e240a715,https://dataportal.eso.org/dataPortal/file/ADP.2022-11-11T01:04:38.963
ADP.2022-11-16T01:01:44.831,1000256621,1102.C-0923(C),TOI-2458,HARPS,2022-11-15T04:31:33.762+00:00,85.5,data/toi2458_all_epochs/ADP.2022-11-16T01_01_44.831.fits,5264640,6668d65918de0963951a9f0a93deb7ee9ca243043e8e0e8477095191e052ff24,https://dataportal.eso.org/dataPortal/file/ADP.2022-11-16T01:01:44.831
ADP.2022-11-18T01:01:58.007,1000256621,1102.C-0923(C),TOI-2458,HARPS,2022-11-17T05:28:44.074+00:00,67.2,data/toi2458_all_epochs/ADP.2022-11-18T01_01_58.007.fits,5264640,1d31cc5aaf2b68f131a801b49fc96d6d795d014a0acaf9b57f78c970cd47e827,https://dataportal.eso.org/dataPortal/file/ADP.2022-11-18T01:01:58.007
ADP.2022-11-19T01:01:03.910,1000256621,1102.C-0923(C),TOI-2458,HARPS,2022-11-18T06:45:27.522+00:00,72.9,data/toi2458_all_epochs/ADP.2022-11-19T01_01_03.910.fits,5267520,d62ca38a7c07846f0d70571bb0b218283059ee34492d69f6775085404d82006e,https://dataportal.eso.org/dataPortal/file/ADP.2022-11-19T01:01:03.910
ADP.2022-11-20T01:02:03.020,1000256621,1102.C-0923(C),TOI-2458,HARPS,2022-11-19T05:01:20.817+00:00,84.7,data/toi2458_all_epochs/ADP.2022-11-20T01_02_03.020.fits,5264640,abcfbc004864f2a20c23da6ecef67e00701c1b6fb7f61669c98615c6c21d3ec0,https://dataportal.eso.org/dataPortal/file/ADP.2022-11-20T01:02:03.020
ADP.2022-11-22T01:03:06.708,1000256621,1102.C-0923(C),TOI-2458,HARPS,2022-11-21T04:54:57.893+00:00,80.1,data/toi2458_all_epochs/ADP.2022-11-22T01_03_06.708.fits,5264640,262a4690380d6ec4185ac9032c30142202ba736cb62a1ca3c6fc0cc0fb4f6739,https://dataportal.eso.org/dataPortal/file/ADP.2022-11-22T01:03:06.708
ADP.2022-11-24T01:01:32.280,1000256621,1102.C-0923(C),TOI-2458,HARPS,2022-11-23T05:39:39.669+00:00,84.6,data/toi2458_all_epochs/ADP.2022-11-24T01_01_32.280.fits,5264640,61f22198ff68340b19fae593cca053a8944cd6c4bae77d441edf30d0cd605a88,https://dataportal.eso.org/dataPortal/file/ADP.2022-11-24T01:01:32.280
ADP.2022-11-25T01:01:54.731,1000256621,1102.C-0923(C),TOI-2458,HARPS,2022-11-24T04:40:44.864+00:00,83.0,data/toi2458_all_epochs/ADP.2022-11-25T01_01_54.731.fits,5264640,93f714e29d0cc870058f181c38a321a1d9c9d573c5f46ef5a64c23a7c5584790,https://dataportal.eso.org/dataPortal/file/ADP.2022-11-25T01:01:54.731
ADP.2022-11-26T01:01:25.577,1000256621,1102.C-0923(C),TOI-2458,HARPS,2022-11-25T05:01:24.654+00:00,59.0,data/toi2458_all_epochs/ADP.2022-11-26T01_01_25.577.fits,5264640,70ec92930759754866d0625c3bdb8e8d00cb3a346efc46c45b661f9eb655509b,https://dataportal.eso.org/dataPortal/file/ADP.2022-11-26T01:01:25.577
ADP.2022-11-27T01:01:42.573,1000256621,1102.C-0923(C),TOI-2458,HARPS,2022-11-26T05:50:23.867+00:00,65.1,data/toi2458_all_epochs/ADP.2022-11-27T01_01_42.573.fits,5264640,545e4cb7258fad838aae1bd6bd01c08d073c4b7faef0a4e634a440a488892afd,https://dataportal.eso.org/dataPortal/file/ADP.2022-11-27T01:01:42.573
ADP.2022-12-15T01:01:14.336,1000256621,1102.C-0923(C),TOI-2458,HARPS,2022-12-14T03:46:34.400+00:00,58.0,data/toi2458_all_epochs/ADP.2022-12-15T01_01_14.336.fits,5264640,c54042f43f2793c9c8fee5972dd017d088888ebd1cf28e1d567ffc57fbbe1bad,https://dataportal.eso.org/dataPortal/file/ADP.2022-12-15T01:01:14.336
ADP.2022-12-17T01:09:21.053,1000256621,1102.C-0923(C),TOI-2458,HARPS,2022-12-16T03:55:44.455+00:00,70.8,data/toi2458_all_epochs/ADP.2022-12-17T01_09_21.053.fits,5261760,78a3b09a11706f44fd3e4224b697bb5ec6b39a2423df87835922f0e3a0eb571f,https://dataportal.eso.org/dataPortal/file/ADP.2022-12-17T01:09:21.053
ADP.2022-12-19T01:02:59.708,1000256621,1102.C-0923(C),TOI-2458,HARPS,2022-12-18T05:04:21.647+00:00,72.4,data/toi2458_all_epochs/ADP.2022-12-19T01_02_59.708.fits,5264640,32e81d1e95c36c11e397379e72a0b522f12c7254f40edb730e85b3caa3c7badd,https://dataportal.eso.org/dataPortal/file/ADP.2022-12-19T01:02:59.708
ADP.2022-12-24T01:01:09.687,1000256621,1102.C-0923(C),TOI-2458,HARPS,2022-12-23T02:00:53.051+00:00,78.4,data/toi2458_all_epochs/ADP.2022-12-24T01_01_09.687.fits,5264640,7236fdc65d2271d046c1295218bfa16e1a026604cea1b7e0f406aeb5da8dbf87,https://dataportal.eso.org/dataPortal/file/ADP.2022-12-24T01:01:09.687
ADP.2022-12-28T01:01:24.346,1000266038,110.2438.001,TOI-2458,HARPS,2022-12-27T01:18:52.338+00:00,74.3,data/toi2458_all_epochs/ADP.2022-12-28T01_01_24.346.fits,5261760,2d232e40506ad77ed9e5ddaf4dedc46f9f4a6c395ddb28d2e32fb84cf7b62015,https://dataportal.eso.org/dataPortal/file/ADP.2022-12-28T01:01:24.346
ADP.2023-01-05T01:06:55.696,1000256621,1102.C-0923(C),TOI-2458,HARPS,2023-01-04T05:01:31.212+00:00,79.0,data/toi2458_all_epochs/ADP.2023-01-05T01_06_55.696.fits,5261760,6dbbe002d71e244944be756b5d55a8cc8437029caf296ca2da4e58925d34ec9f,https://dataportal.eso.org/dataPortal/file/ADP.2023-01-05T01:06:55.696
ADP.2023-01-29T01:02:02.181,1000256621,1102.C-0923(C),TOI-2458,HARPS,2023-01-28T01:22:22.692+00:00,84.8,data/toi2458_all_epochs/ADP.2023-01-29T01_02_02.181.fits,5261760,fdd468db3096c93bf6dbb3f67485bccc6648ad9a7689b07a4776789b978fec88,https://dataportal.eso.org/dataPortal/file/ADP.2023-01-29T01:02:02.181
ADP.2023-02-01T01:02:03.945,1000256621,1102.C-0923(C),TOI-2458,HARPS,2023-01-31T02:12:42.621+00:00,81.2,data/toi2458_all_epochs/ADP.2023-02-01T01_02_03.945.fits,5261760,59593c84116d04acaaa9a6be27462139a8bca5333ef9c595611c52a244a16af1,https://dataportal.eso.org/dataPortal/file/ADP.2023-02-01T01:02:03.945
ADP.2023-02-04T01:01:51.531,1000256621,1102.C-0923(C),TOI-2458,HARPS,2023-02-03T03:11:45.103+00:00,68.0,data/toi2458_all_epochs/ADP.2023-02-04T01_01_51.531.fits,5261760,aba28743525c0025d70e0c27fe15a65acfeb7f93fe01c8d8f1e89ad9c44ed54c,https://dataportal.eso.org/dataPortal/file/ADP.2023-02-04T01:01:51.531
ADP.2023-02-07T01:00:41.571,1000256621,1102.C-0923(C),TOI-2458,HARPS,2023-02-06T02:05:15.266+00:00,58.0,data/toi2458_all_epochs/ADP.2023-02-07T01_00_41.571.fits,5261760,2ce11b3f9f7e82267add2fb21e6ba572de3f0f6a16925eb385e44e2a581e7143,https://dataportal.eso.org/dataPortal/file/ADP.2023-02-07T01:00:41.571
ADP.2023-02-09T01:01:35.609,1000256621,1102.C-0923(C),TOI-2458,HARPS,2023-02-08T03:07:09.609+00:00,53.1,data/toi2458_all_epochs/ADP.2023-02-09T01_01_35.609.fits,5261760,1567805f35b75ba0a9bb7ef2dd5dfd2fdc460b1eebb68b56f0a3bbd720b178b4,https://dataportal.eso.org/dataPortal/file/ADP.2023-02-09T01:01:35.609
ADP.2023-03-15T01:01:50.967,1000256621,1102.C-0923(C),TOI-2458,HARPS,2023-03-14T00:58:30.817+00:00,60.5,data/toi2458_all_epochs/ADP.2023-03-15T01_01_50.967.fits,5261760,8703b62d9e456a2ba58a3e666d9057e06b7a5a627bd3effaf6bf13ee7910c976,https://dataportal.eso.org/dataPortal/file/ADP.2023-03-15T01:01:50.967
ADP.2023-03-17T01:01:57.524,1000256621,1102.C-0923(C),TOI-2458,HARPS,2023-03-16T00:48:44.886+00:00,77.3,data/toi2458_all_epochs/ADP.2023-03-17T01_01_57.524.fits,5261760,0bdd2fb0a323782138dead339c74399da6826afe46e70ab2d23eb3fabf745e2e,https://dataportal.eso.org/dataPortal/file/ADP.2023-03-17T01:01:57.524
ADP.2023-03-19T01:01:47.862,1000256621,1102.C-0923(C),TOI-2458,HARPS,2023-03-18T00:46:00.470+00:00,76.1,data/toi2458_all_epochs/ADP.2023-03-19T01_01_47.862.fits,5261760,7e55ffcb2be241959d9af593a7afeb367e5a1f60f84915d17f0d4358f1e1a5c7,https://dataportal.eso.org/dataPortal/file/ADP.2023-03-19T01:01:47.862
ADP.2023-03-23T01:02:04.809,1000256621,1102.C-0923(C),TOI-2458,HARPS,2023-03-22T00:29:20.619+00:00,79.1,data/toi2458_all_epochs/ADP.2023-03-23T01_02_04.809.fits,5261760,1467a2e31e0e5ac595942f7106bbeb1c66db7ae10f5b4701510a9cabfc64aeb4,https://dataportal.eso.org/dataPortal/file/ADP.2023-03-23T01:02:04.809
ADP.2023-03-27T01:01:37.767,1000256621,1102.C-0923(C),TOI-2458,HARPS,2023-03-25T23:38:50.871+00:00,64.3,data/toi2458_all_epochs/ADP.2023-03-27T01_01_37.767.fits,5261760,1ad5b455e523a0f63195b61e838d775bd4719e4c8237aee4d48ef42b9e6f1a7f,https://dataportal.eso.org/dataPortal/file/ADP.2023-03-27T01:01:37.767
ADP.2023-03-31T01:01:58.594,1000256621,1102.C-0923(C),TOI-2458,HARPS,2023-03-29T23:47:19.361+00:00,76.2,data/toi2458_all_epochs/ADP.2023-03-31T01_01_58.594.fits,5261760,472b8e5952da77429ba11f434322dc67165f235543c4696822ac935ef7900b03,https://dataportal.eso.org/dataPortal/file/ADP.2023-03-31T01:01:58.594
ADP.2023-04-02T01:01:36.207,1000256621,1102.C-0923(C),TOI-2458,HARPS,2023-03-31T23:35:46.943+00:00,72.9,data/toi2458_all_epochs/ADP.2023-04-02T01_01_36.207.fits,5261760,6b81dcdb88891d8c7a73e879946dbaa9ee59ae2d15afb3095518eecd3ede3e4a,https://dataportal.eso.org/dataPortal/file/ADP.2023-04-02T01:01:36.207
ADP.2023-08-23T01:02:46.829,1000340508,106.21TJ.008,TOI-2458,HARPS,2023-08-22T09:08:19.406+00:00,52.0,data/toi2458_all_epochs/ADP.2023-08-23T01_02_46.829.fits,5264640,938a08a1aa7a799d189725e6a0d71192ebe94cf045e331bb011c0e1b22ebcf5c,https://dataportal.eso.org/dataPortal/file/ADP.2023-08-23T01:02:46.829
ADP.2023-09-29T01:01:19.213,1000355732,111.254R.002,TOI-2458,HARPS,2023-09-28T08:16:55.029+00:00,56.1,data/toi2458_all_epochs/ADP.2023-09-29T01_01_19.213.fits,5264640,18e36e2fc5c1fe07800771eae3c989e36a0da5eff9a3d56fc62fc85734285bd6,https://dataportal.eso.org/dataPortal/file/ADP.2023-09-29T01:01:19.213
ADP.2023-09-30T01:01:21.005,1000355732,111.254R.002,TOI-2458,HARPS,2023-09-29T07:03:21.972+00:00,55.8,data/toi2458_all_epochs/ADP.2023-09-30T01_01_21.005.fits,5264640,57977ad75a9de72eb9a8a31b59eaef4706735e7266be72f854d66fa0e851c925,https://dataportal.eso.org/dataPortal/file/ADP.2023-09-30T01:01:21.005
