dp_id,obs_id,proposal_id,target_name,instrument_name,t_min,t_exptime,em_res_power,snr,access_estsize,access_url
ADP.2022-02-17T01:09:52.145,1000160900,106.21TJ.001,TOI-2458,HARPS,59626.06102061,1199.996,115000.0,70.0,5264,http://archive.eso.org/datalink/links?ID=ivo://eso.org/ID?ADP.2022-02-17T01:09:52.145
ADP.2022-02-18T01:08:20.617,1000160900,106.21TJ.001,TOI-2458,HARPS,59627.06018753,1499.996,115000.0,79.4,5264,http://archive.eso.org/datalink/links?ID=ivo://eso.org/ID?ADP.2022-02-18T01:08:20.617
ADP.2022-02-21T09:05:19.614,1000160900,106.21TJ.001,TOI-2458,HARPS,59628.01241477,1499.996,115000.0,94.8,5264,http://archive.eso.org/datalink/links?ID=ivo://eso.org/ID?ADP.2022-02-21T09:05:19.614
ADP.2022-02-21T09:05:19.620,1000160900,106.21TJ.001,TOI-2458,HARPS,59628.08229412,1499.996,115000.0,86.9,5264,http://archive.eso.org/datalink/links?ID=ivo://eso.org/ID?ADP.2022-02-21T09:05:19.620
ADP.2022-02-20T01:06:53.624,1000160900,106.21TJ.001,TOI-2458,HARPS,59629.01053323,1499.996,115000.0,108.0,5264,http://archive.eso.org/datalink/links?ID=ivo://eso.org/ID?ADP.2022-02-20T01:06:53.624
ADP.2022-02-20T01:06:53.630,1000160900,106.21TJ.001,TOI-2458,HARPS,59629.08107548,1499.996,115000.0,87.5,5264,http://archive.eso.org/datalink/links?ID=ivo://eso.org/ID?ADP.2022-02-20T01:06:53.630
ADP.2022-02-21T01:01:25.324,1000160900,106.21TJ.001,TOI-2458,HARPS,59630.01036598,1499.996,115000.0,93.4,5264,http://archive.eso.org/datalink/links?ID=ivo://eso.org/ID?ADP.2022-02-21T01:01:25.324
ADP.2022-02-21T01:01:25.326,1000160900,106.21TJ.001,TOI-2458,HARPS,59630.05653819,1499.996,115000.0,95.4,5264,http://archive.eso.org/datalink/links?ID=ivo://eso.org/ID?ADP.2022-02-21T01:01:25.326
ADP.2022-02-21T01:01:25.328,1000160900,106.21TJ.001,TOI-2458,HARPS,59630.07426655,1499.996,115000.0,101.1,5264,http://archive.eso.org/datalink/links?ID=ivo://eso.org/ID?ADP.2022-02-21T01:01:25.328
ADP.2022-02-22T01:03:34.261,1000160900,106.21TJ.001,TOI-2458,HARPS,59631.00917476,1499.996,115000.0,90.6,5264,http://archive.eso.org/datalink/links?ID=ivo://eso.org/ID?ADP.2022-02-22T01:03:34.261
ADP.2022-02-22T01:03:34.267,1000160900,106.21TJ.001,TOI-2458,HARPS,59631.07850732,1499.996,115000.0,89.7,5264,http://archive.eso.org/datalink/links?ID=ivo://eso.org/ID?ADP.2022-02-22T01:03:34.267
ADP.2022-02-23T01:00:40.108,1000160900,106.21TJ.001,TOI-2458,HARPS,59632.00808439,1799.996,115000.0,100.5,5264,http://archive.eso.org/datalink/links?ID=ivo://eso.org/ID?ADP.2022-02-23T01:00:40.108
ADP.2022-02-23T01:00:40.104,1000160900,106.21TJ.001,TOI-2458,HARPS,59632.08805479,1799.996,115000.0,93.3,5264,http://archive.eso.org/datalink/links?ID=ivo://eso.org/ID?ADP.2022-02-23T01:00:40.104
ADP.2022-02-24T01:01:15.557,1000160900,106.21TJ.001,TOI-2458,HARPS,59633.01646281,1499.996,115000.0,93.2,5264,http://archive.eso.org/datalink/links?ID=ivo://eso.org/ID?ADP.2022-02-24T01:01:15.557
ADP.2022-02-24T01:01:15.563,1000160900,106.21TJ.001,TOI-2458,HARPS,59633.09283243,1799.996,115000.0,76.0,5264,http://archive.eso.org/datalink/links?ID=ivo://eso.org/ID?ADP.2022-02-24T01:01:15.563
ADP.2022-02-25T01:01:16.362,1000160900,106.21TJ.001,TOI-2458,HARPS,59634.01183137,1499.996,115000.0,81.7,5264,http://archive.eso.org/datalink/links?ID=ivo://eso.org/ID?ADP.2022-02-25T01:01:16.362
ADP.2022-02-25T01:01:16.368,1000160900,106.21TJ.001,TOI-2458,HARPS,59634.09005573,1799.996,115000.0,78.3,5264,http://archive.eso.org/datalink/links?ID=ivo://eso.org/ID?ADP.2022-02-25T01:01:16.368
ADP.2022-02-27T01:12:52.794,1000160900,106.21TJ.001,TOI-2458,HARPS,59636.00543886,1499.996,115000.0,98.0,5264,http://archive.eso.org/datalink/links?ID=ivo://eso.org/ID?ADP.2022-02-27T01:12:52.794
ADP.2022-02-27T01:12:52.800,1000160900,106.21TJ.001,TOI-2458,HARPS,59636.08331308,1499.996,115000.0,90.0,5264,http://archive.eso.org/datalink/links?ID=ivo://eso.org/ID?ADP.2022-02-27T01:12:52.800
ADP.2022-02-28T01:08:47.417,1000160900,106.21TJ.001,TOI-2458,HARPS,59637.00512975,1499.996,115000.0,99.5,5264,http://archive.eso.org/datalink/links?ID=ivo://eso.org/ID?ADP.2022-02-28T01:08:47.417
ADP.2022-02-28T01:08:47.423,1000160900,106.21TJ.001,TOI-2458,HARPS,59637.08223067,1499.996,115000.0,80.9,5264,http://archive.eso.org/datalink/links?ID=ivo://eso.org/ID?ADP.2022-02-28T01:08:47.423
ADP.2022-03-01T01:01:55.864,1000160900,106.21TJ.001,TOI-2458,HARPS,59638.0041567,1499.996,115000.0,104.4,5267,http://archive.eso.org/datalink/links?ID=ivo://eso.org/ID?ADP.2022-03-01T01:01:55.864
ADP.2022-03-02T01:01:48.711,1000160900,106.21TJ.001,TOI-2458,HARPS,59639.04046781,1199.996,115000.0,91.0,5264,http://archive.eso.org/datalink/links?ID=ivo://eso.org/ID?ADP.2022-03-02T01:01:48.711
ADP.2022-03-03T01:01:51.107,1000160900,106.21TJ.001,TOI-2458,HARPS,59640.00350614,1199.996,115000.0,82.7,5264,http://archive.eso.org/datalink/links?ID=ivo://eso.org/ID?ADP.2022-03-03T01:01:51.107
ADP.2022-03-04T01:01:47.537,1000160900,106.21TJ.001,TOI-2458,HARPS,59641.00164969,1199.996,115000.0,93.1,5264,http://archive.eso.org/datalink/links?ID=ivo://eso.org/ID?ADP.2022-03-04T01:01:47.537
ADP.2022-03-05T01:01:57.634,1000160900,106.21TJ.001,TOI-2458,HARPS,59642.00099817,1199.996,115000.0,83.7,5264,http://archive.eso.org/datalink/links?ID=ivo://eso.org/ID?ADP.2022-03-05T01:01:57.634
ADP.2022-03-06T01:01:33.911,1000160900,106.21TJ.001,TOI-2458,HARPS,59643.00321803,1199.996,115000.0,82.9,5264,http://archive.eso.org/datalink/links?ID=ivo://eso.org/ID?ADP.2022-03-06T01:01:33.911
ADP.2022-03-07T01:01:03.611,1000160900,106.21TJ.001,TOI-2458,HARPS,59644.00099364,1199.996,115000.0,72.0,5264,http://archive.eso.org/datalink/links?ID=ivo://eso.org/ID?ADP.2022-03-07T01:01:03.611
ADP.2022-03-08T01:01:37.324,1000160900,106.21TJ.001,TOI-2458,HARPS,59644.99969062,1199.996,115000.0,78.0,5264,http://archive.eso.org/datalink/links?ID=ivo://eso.org/ID?ADP.2022-03-08T01:01:37.324
ADP.2022-03-09T01:01:43.431,1000160900,106.21TJ.001,TOI-2458,HARPS,59645.99986401,1199.996,115000.0,86.4,5264,http://archive.eso.org/datalink/links?ID=ivo://eso.org/ID?ADP.2022-03-09T01:01:43.431
ADP.2022-03-10T01:02:01.851,1000160900,106.21TJ.001,TOI-2458,HARPS,59646.99663394,1199.996,115000.0,90.4,5264,http://archive.eso.org/datalink/links?ID=ivo://eso.org/ID?ADP.2022-03-10T01:02:01.851
ADP.2022-03-11T01:01:42.904,1000160900,106.21TJ.001,TOI-2458,HARPS,59647.9973939,1199.996,115000.0,93.7,5264,http://archive.eso.org/datalink/links?ID=ivo://eso.org/ID?ADP.2022-03-11T01:01:42.904
ADP.2022-03-16T01:08:23.999,1000166294,108.21YY.001,TOI-2458,HARPS,59653.0270421,1199.996,115000.0,73.8,5264,http://archive.eso.org/datalink/links?ID=ivo://eso.org/ID?ADP.2022-03-16T01:08:23.999
ADP.2022-03-20T01:01:31.167,1000160900,106.21TJ.001,TOI-2458,HARPS,59656.99672119,1199.996,115000.0,77.8,5264,http://archive.eso.org/datalink/links?ID=ivo://eso.org/ID?ADP.2022-03-20T01:01:31.167
ADP.2022-03-20T01:01:31.171,1000160900,106.21TJ.001,TOI-2458,HARPS,59657.02725856,1199.996,115000.0,69.0,5264,http://archive.eso.org/datalink/links?ID=ivo://eso.org/ID?ADP.2022-03-20T01:01:31.171
ADP.2022-03-21T01:01:37.477,1000160900,106.21TJ.001,TOI-2458,HARPS,59657.99161204,1199.996,115000.0,82.5,5264,http://archive.eso.org/datalink/links?ID=ivo://eso.org/ID?ADP.2022-03-21T01:01:37.477
ADP.2022-03-22T01:01:24.721,1000160900,106.21TJ.001,TOI-2458,HARPS,59658.98847312,1199.996,115000.0,86.7,5264,http://archive.eso.org/datalink/links?ID=ivo://eso.org/ID?ADP.2022-03-22T01:01:24.721
ADP.2022-03-23T01:01:28.597,1000160900,106.21TJ.001,TOI-2458,HARPS,59659.98970868,1199.996,115000.0,92.9,5264,http://archive.eso.org/datalink/links?ID=ivo://eso.org/ID?ADP.2022-03-23T01:01:28.597
ADP.2022-03-24T01:03:51.863,1000160900,106.21TJ.001,TOI-2458,HARPS,59660.98806926,1199.996,115000.0,72.3,5264,http://archive.eso.org/datalink/links?ID=ivo://eso.org/ID?ADP.2022-03-24T01:03:51.863
ADP.2022-03-25T01:07:01.314,1000160900,106.21TJ.001,TOI-2458,HARPS,59661.98370195,1199.996,115000.0,68.2,5264,http://archive.eso.org/datalink/links?ID=ivo://eso.org/ID?ADP.2022-03-25T01:07:01.314
ADP.2022-03-27T01:08:28.505,1000160900,106.21TJ.001,TOI-2458,HARPS,59664.01655845,1199.996,115000.0,79.4,5264,http://archive.eso.org/datalink/links?ID=ivo://eso.org/ID?ADP.2022-03-27T01:08:28.505
ADP.2022-03-28T01:01:38.104,1000160900,106.21TJ.001,TOI-2458,HARPS,59664.98288898,1199.996,115000.0,91.7,5264,http://archive.eso.org/datalink/links?ID=ivo://eso.org/ID?ADP.2022-03-28T01:01:38.104
ADP.2022-03-29T01:04:37.127,1000160900,106.21TJ.001,TOI-2458,HARPS,59666.02352918,1199.996,115000.0,76.8,5264,http://archive.eso.org/datalink/links?ID=ivo://eso.org/ID?ADP.2022-03-29T01:04:37.127
ADP.2022-03-31T01:09:17.461,1000160900,106.21TJ.001,TOI-2458,HARPS,59667.97872324,1199.996,115000.0,74.2,5264,http://archive.eso.org/datalink/links?ID=ivo://eso.org/ID?ADP.2022-03-31T01:09:17.461
ADP.2022-04-02T01:01:28.017,1000160900,106.21TJ.001,TOI-2458,HARPS,59669.97843073,1199.996,115000.0,76.9,5264,http://archive.eso.org/datalink/links?ID=ivo://eso.org/ID?ADP.2022-04-02T01:01:28.017
ADP.2022-04-03T01:01:21.964,1000160900,106.21TJ.001,TOI-2458,HARPS,59670.98756745,1199.996,115000.0,84.3,5264,http://archive.eso.org/datalink/links?ID=ivo://eso.org/ID?ADP.2022-04-03T01:01:21.964
ADP.2022-04-04T01:01:35.401,1000160900,106.21TJ.001,TOI-2458,HARPS,59671.98295334,1199.996,115000.0,72.2,5264,http://archive.eso.org/datalink/links?ID=ivo://eso.org/ID?ADP.2022-04-04T01:01:35.401
ADP.2022-04-06T01:01:33.181,1000160900,106.21TJ.001,TOI-2458,HARPS,59673.97389367,1199.996,115000.0,82.6,5264,http://archive.eso.org/datalink/links?ID=ivo://eso.org/ID?ADP.2022-04-06T01:01:33.181
ADP.2022-04-07T01:01:33.247,1000160900,106.21TJ.001,TOI-2458,HARPS,59674.97321389,1199.996,115000.0,84.3,5264,http://archive.eso.org/datalink/links?ID=ivo://eso.org/ID?ADP.2022-04-07T01:01:33.247
ADP.2022-04-08T01:09:45.817,1000160900,106.21TJ.001,TOI-2458,HARPS,59675.97419025,1199.996,115000.0,16.8,5264,http://archive.eso.org/datalink/links?ID=ivo://eso.org/ID?ADP.2022-04-08T01:09:45.817
ADP.2022-04-09T01:03:22.027,1000160900,106.21TJ.001,TOI-2458,HARPS,59676.97538748,1199.996,115000.0,103.3,5264,http://archive.eso.org/datalink/links?ID=ivo://eso.org/ID?ADP.2022-04-09T01:03:22.027
ADP.2022-04-10T01:01:23.077,1000160900,106.21TJ.001,TOI-2458,HARPS,59677.97456888,1199.996,115000.0,87.8,5264,http://archive.eso.org/datalink/links?ID=ivo://eso.org/ID?ADP.2022-04-10T01:01:23.077
ADP.2022-04-12T01:03:46.274,1000160900,106.21TJ.001,TOI-2458,HARPS,59679.97277247,1199.996,115000.0,62.1,5264,http://archive.eso.org/datalink/links?ID=ivo://eso.org/ID?ADP.2022-04-12T01:03:46.274
ADP.2022-04-13T01:01:45.251,1000160900,106.21TJ.001,TOI-2458,HARPS,59680.97009168,1199.996,115000.0,74.5,5264,http://archive.eso.org/datalink/links?ID=ivo://eso.org/ID?ADP.2022-04-13T01:01:45.251
ADP.2022-04-14T01:01:17.534,1000160900,106.21TJ.001,TOI-2458,HARPS,59681.97258392,1199.996,115000.0,68.2,5264,http://archive.eso.org/datalink/links?ID=ivo://eso.org/ID?ADP.2022-04-14T01:01:17.534
ADP.2022-04-17T01:13:09.437,1000160900,106.21TJ.001,TOI-2458,HARPS,59684.9770722,1199.996,115000.0,71.6,5264,http://archive.eso.org/datalink/links?ID=ivo://eso.org/ID?ADP.2022-04-17T01:13:09.437
ADP.2022-11-09T01:25:13.749,1000256621,1102.C-0923(C),TOI-2458,HARPS,59891.25074928,1199.996,115000.0,71.2,5264,http://archive.eso.org/datalink/links?ID=ivo://eso.org/ID?ADP.2022-11-09T01:25:13.749
ADP.2022-11-11T01:04:38.963,1000256621,1102.C-0923(C),TOI-2458,HARPS,59893.21935973,1199.996,115000.0,85.4,5264,http://archive.eso.org/datalink/links?ID=ivo://eso.org/ID?ADP.2022-11-11T01:04:38.963
ADP.2022-11-16T01:01:44.831,1000256621,1102.C-0923(C),TOI-2458,HARPS,59898.18858521,1199.996,115000.0,85.5,5264,http://archive.eso.org/datalink/links?ID=ivo://eso.org/ID?ADP.2022-11-16T01:01:44.831
ADP.2022-11-18T01:01:58.007,1000256621,1102.C-0923(C),TOI-2458,HARPS,59900.22828789,1199.996,115000.0,67.2,5264,http://archive.eso.org/datalink/links?ID=ivo://eso.org/ID?ADP.2022-11-18T01:01:58.007
ADP.2022-11-19T01:01:03.910,1000256621,1102.C-0923(C),TOI-2458,HARPS,59901.28156854,1199.996,115000.0,72.9,5264,http://archive.eso.org/datalink/links?ID=ivo://eso.org/ID?ADP.2022-11-19T01:01:03.910
ADP.2022-11-20T01:02:03.020,1000256621,1102.C-0923(C),TOI-2458,HARPS,59902.20926871,1199.996,115000.0,84.7,5264,http://archive.eso.org/datalink/links?ID=ivo://eso.org/ID?ADP.2022-11-20T01:02:03.020
ADP.2022-11-22T01:03:06.708,1000256621,1102.C-0923(C),TOI-2458,HARPS,59904.20483673,1199.996,115000.0,80.1,5264,http://archive.eso.org/datalink/links?ID=ivo://eso.org/ID?ADP.2022-11-22T01:03:06.708
ADP.2022-11-24T01:01:32.280,1000256621,1102.C-0923(C),TOI-2458,HARPS,59906.2358758,1199.996,115000.0,84.6,5264,http://archive.eso.org/datalink/links?ID=ivo://eso.org/ID?ADP.2022-11-24T01:01:32.280
ADP.2022-11-25T01:01:54.731,1000256621,1102.C-0923(C),TOI-2458,HARPS,59907.1949637,1199.996,115000.0,83.0,5264,http://archive.eso.org/datalink/links?ID=ivo://eso.org/ID?ADP.2022-11-25T01:01:54.731
ADP.2022-11-26T01:01:25.577,1000256621,1102.C-0923(C),TOI-2458,HARPS,59908.20931313,1199.996,115000.0,59.0,5264,http://archive.eso.org/datalink/links?ID=ivo://eso.org/ID?ADP.2022-11-26T01:01:25.577
ADP.2022-11-27T01:01:42.573,1000256621,1102.C-0923(C),TOI-2458,HARPS,59909.24333179,1199.996,115000.0,65.1,5264,http://archive.eso.org/datalink/links?ID=ivo://eso.org/ID?ADP.2022-11-27T01:01:42.573
ADP.2022-12-15T01:01:14.336,1000256621,1102.C-0923(C),TOI-2458,HARPS,59927.15734259,1199.996,115000.0,58.0,5264,http://archive.eso.org/datalink/links?ID=ivo://eso.org/ID?ADP.2022-12-15T01:01:14.336
ADP.2022-12-17T01:09:21.053,1000256621,1102.C-0923(C),TOI-2458,HARPS,59929.16370897,1199.996,115000.0,70.8,5261,http://archive.eso.org/datalink/links?ID=ivo://eso.org/ID?ADP.2022-12-17T01:09:21.053
ADP.2022-12-19T01:02:59.708,1000256621,1102.C-0923(C),TOI-2458,HARPS,59931.21136166,1199.996,115000.0,72.4,5264,http://archive.eso.org/datalink/links?ID=ivo://eso.org/ID?ADP.2022-12-19T01:02:59.708
ADP.2022-12-24T01:01:09.687,1000256621,1102.C-0923(C),TOI-2458,HARPS,59936.08394735,1199.996,115000.0,78.4,5264,http://archive.eso.org/datalink/links?ID=ivo://eso.org/ID?ADP.2022-12-24T01:01:09.687
ADP.2022-12-28T01:01:24.346,1000266038,110.2438.001,TOI-2458,HARPS,59940.05477243,1499.996,115000.0,74.3,5261,http://archive.eso.org/datalink/links?ID=ivo://eso.org/ID?ADP.2022-12-28T01:01:24.346
ADP.2023-01-05T01:06:55.696,1000256621,1102.C-0923(C),TOI-2458,HARPS,59948.20938903,1199.996,115000.0,79.0,5261,http://archive.eso.org/datalink/links?ID=ivo://eso.org/ID?ADP.2023-01-05T01:06:55.696
ADP.2023-01-29T01:02:02.181,1000256621,1102.C-0923(C),TOI-2458,HARPS,59972.05720708,1199.996,115000.0,84.8,5261,http://archive.eso.org/datalink/links?ID=ivo://eso.org/ID?ADP.2023-01-29T01:02:02.181
ADP.2023-02-01T01:02:03.945,1000256621,1102.C-0923(C),TOI-2458,HARPS,59975.09215996,1199.996,115000.0,81.2,5261,http://archive.eso.org/datalink/links?ID=ivo://eso.org/ID?ADP.2023-02-01T01:02:03.945
ADP.2023-02-04T01:01:51.531,1000256621,1102.C-0923(C),TOI-2458,HARPS,59978.13316091,1199.996,115000.0,68.0,5261,http://archive.eso.org/datalink/links?ID=ivo://eso.org/ID?ADP.2023-02-04T01:01:51.531
ADP.2023-02-07T01:00:41.571,1000256621,1102.C-0923(C),TOI-2458,HARPS,59981.08698224,1199.996,115000.0,58.0,5261,http://archive.eso.org/datalink/links?ID=ivo://eso.org/ID?ADP.2023-02-07T01:00:41.571
ADP.2023-02-09T01:01:35.609,1000256621,1102.C-0923(C),TOI-2458,HARPS,59983.12997233,1199.996,115000.0,53.1,5261,http://archive.eso.org/datalink/links?ID=ivo://eso.org/ID?ADP.2023-02-09T01:01:35.609
ADP.2023-03-15T01:01:50.967,1000256621,1102.C-0923(C),TOI-2458,HARPS,60017.04063446,1199.996,115000.0,60.5,5261,http://archive.eso.org/datalink/links?ID=ivo://eso.org/ID?ADP.2023-03-15T01:01:50.967
ADP.2023-03-17T01:01:57.524,1000256621,1102.C-0923(C),TOI-2458,HARPS,60019.03385285,1199.996,115000.0,77.3,5261,http://archive.eso.org/datalink/links?ID=ivo://eso.org/ID?ADP.2023-03-17T01:01:57.524
ADP.2023-03-19T01:01:47.862,1000256621,1102.C-0923(C),TOI-2458,HARPS,60021.03194989,1199.996,115000.0,76.1,5261,http://archive.eso.org/datalink/links?ID=ivo://eso.org/ID?ADP.2023-03-19T01:01:47.862
ADP.2023-03-23T01:02:04.809,1000256621,1102.C-0923(C),TOI-2458,HARPS,60025.02037753,1199.996,115000.0,79.1,5261,http://archive.eso.org/datalink/links?ID=ivo://eso.org/ID?ADP.2023-03-23T01:02:04.809
ADP.2023-03-27T01:01:37.767,1000256621,1102.C-0923(C),TOI-2458,HARPS,60028.98531101,1199.996,115000.0,64.3,5261,http://archive.eso.org/datalink/links?ID=ivo://eso.org/ID?ADP.2023-03-27T01:01:37.767
ADP.2023-03-31T01:01:58.594,1000256621,1102.C-0923(C),TOI-2458,HARPS,60032.99119631,1199.996,115000.0,76.2,5261,http://archive.eso.org/datalink/links?ID=ivo://eso.org/ID?ADP.2023-03-31T01:01:58.594
ADP.2023-04-02T01:01:36.207,1000256621,1102.C-0923(C),TOI-2458,HARPS,60034.98318221,1199.996,115000.0,72.9,5261,http://archive.eso.org/datalink/links?ID=ivo://eso.org/ID?ADP.2023-04-02T01:01:36.207
ADP.2023-08-23T01:02:46.829,1000340508,106.21TJ.008,TOI-2458,HARPS,60178.38078016,1199.996,115000.0,52.0,5264,http://archive.eso.org/datalink/links?ID=ivo://eso.org/ID?ADP.2023-08-23T01:02:46.829
ADP.2023-09-29T01:01:19.213,1000355732,111.254R.002,TOI-2458,HARPS,60215.34508135,1199.994,115000.0,56.1,5264,http://archive.eso.org/datalink/links?ID=ivo://eso.org/ID?ADP.2023-09-29T01:01:19.213
ADP.2023-09-30T01:01:21.005,1000355732,111.254R.002,TOI-2458,HARPS,60216.2940043,1199.996,115000.0,55.8,5264,http://archive.eso.org/datalink/links?ID=ivo://eso.org/ID?ADP.2023-09-30T01:01:21.005
