candidate_wavelength_angstrom,candidate_topocentric_angstrom,dp_id,program_id,observed_at_utc,berv_kms,header_snr,is_feature_exposure,star_frame_peak_angstrom,star_frame_excess,star_frame_local_sigma,star_frame_local_z,observer_frame_query_barycentric_angstrom,observer_frame_peak_angstrom,observer_frame_excess,observer_frame_local_z,recurrence_threshold,recurrence_min_local_z
5761.26,5761.767757,ADP.2022-02-17T01:09:52.145,106.21TJ.001,2022-02-16T01:27:52.181+00:00,-26.02172,70.0,False,5761.19,0.0296804,0.0216586,1.37,5761.26764,5761.19,0.0296804,1.415,0.0990158,5.0
5761.26,5761.767757,ADP.2022-02-18T01:08:20.617,106.21TJ.001,2022-02-17T01:26:40.203+00:00,-26.20633,79.4,False,5761.26,0.0207222,0.015516,1.336,5761.264092,5761.26,0.0199562,1.282,0.0990158,5.0
5761.26,5761.767757,ADP.2022-02-21T09:05:19.614,106.21TJ.001,2022-02-18T00:17:52.636+00:00,-26.256229,94.8,False,5761.25,0.0356717,0.0242016,1.474,5761.263133,5761.25,0.0360726,1.595,0.0990158,5.0
5761.26,5761.767757,ADP.2022-02-21T09:05:19.620,106.21TJ.001,2022-02-18T01:58:30.212+00:00,-26.436841,86.95,False,5761.25,0.0307906,0.0195931,1.571,5761.259662,5761.25,0.0324818,1.488,0.0990158,5.0
5761.26,5761.767757,ADP.2022-02-20T01:06:53.624,106.21TJ.001,2022-02-19T00:15:10.071+00:00,-26.419257,108.0,True,5761.26,0.1980315,0.0315386,6.279,5761.26,5761.26,0.1980315,6.279,0.0990158,5.0
5761.26,5761.767757,ADP.2022-02-20T01:06:53.630,106.21TJ.001,2022-02-19T01:56:44.921+00:00,-26.599351,87.55,False,5761.26,0.028431,0.0200275,1.42,5761.256539,5761.26,0.0290058,1.214,0.0990158,5.0
5761.26,5761.767757,ADP.2022-02-21T01:01:25.324,106.21TJ.001,2022-02-20T00:14:55.621+00:00,-26.580738,93.4,False,5761.23,0.0389894,0.0214702,1.816,5761.256896,5761.23,0.0401267,1.582,0.0990158,5.0
5761.26,5761.767757,ADP.2022-02-21T01:01:25.326,106.21TJ.001,2022-02-20T01:21:24.900+00:00,-26.700202,95.45,False,5761.2,0.0341637,0.0316241,1.08,5761.2546,5761.2,0.0341637,1.01,0.0990158,5.0
5761.26,5761.767757,ADP.2022-02-21T01:01:25.328,106.21TJ.001,2022-02-20T01:46:56.630+00:00,-26.742754,101.15,False,5761.16,0.0155072,0.0196767,0.788,5761.253783,5761.16,0.0155072,0.788,0.0990158,5.0
5761.26,5761.767757,ADP.2022-02-22T01:03:34.261,106.21TJ.001,2022-02-21T00:13:12.699+00:00,-26.729024,90.65,False,5761.16,0.0279815,0.0158792,1.762,5761.254047,5761.16,0.0283866,1.697,0.0990158,5.0
5761.26,5761.767757,ADP.2022-02-22T01:03:34.267,106.21TJ.001,2022-02-21T01:53:03.032+00:00,-26.904203,89.7,False,5761.18,0.011976,0.0163405,0.733,5761.25068,5761.18,0.0123041,0.692,0.0990158,5.0
5761.26,5761.767757,ADP.2022-02-23T01:00:40.108,106.21TJ.001,2022-02-22T00:11:38.491+00:00,-26.87713,100.5,False,5761.27,0.0261781,0.0177545,1.474,5761.2512,5761.27,0.0261781,1.21,0.0990158,5.0
5761.26,5761.767757,ADP.2022-02-23T01:00:40.104,106.21TJ.001,2022-02-22T02:06:47.934+00:00,-27.072982,93.3,False,5761.27,0.0346266,0.0274765,1.26,5761.247436,5761.27,0.0359453,1.133,0.0990158,5.0
5761.26,5761.767757,ADP.2022-02-24T01:01:15.557,106.21TJ.001,2022-02-23T00:23:42.387+00:00,-27.031242,93.25,False,5761.2,0.025634,0.0215856,1.188,5761.248238,5761.2,0.0269503,1.115,0.0990158,5.0
5761.26,5761.767757,ADP.2022-02-24T01:01:15.563,106.21TJ.001,2022-02-23T02:13:40.722+00:00,-27.220188,76.0,False,5761.25,0.0296067,0.0210222,1.408,5761.244607,5761.25,0.0312597,1.284,0.0990158,5.0
5761.26,5761.767757,ADP.2022-02-25T01:01:16.362,106.21TJ.001,2022-02-24T00:17:02.230+00:00,-27.14686,81.7,False,5761.28,0.0198915,0.0227779,0.873,5761.246016,5761.28,0.0206067,0.857,0.0990158,5.0
5761.26,5761.767757,ADP.2022-02-25T01:01:16.368,106.21TJ.001,2022-02-24T02:09:40.815+00:00,-27.340149,78.3,False,5761.25,0.024542,0.0238479,1.029,5761.242301,5761.25,0.0259877,1.044,0.0990158,5.0
5761.26,5761.767757,ADP.2022-02-27T01:12:52.794,106.21TJ.001,2022-02-26T00:07:49.918+00:00,-27.365619,98.05,False,5761.28,0.0285206,0.0199019,1.433,5761.241812,5761.28,0.0293453,1.344,0.0990158,5.0
5761.26,5761.767757,ADP.2022-02-27T01:12:52.800,106.21TJ.001,2022-02-26T01:59:58.250+00:00,-27.551901,90.05,False,5761.21,0.0200616,0.0182133,1.101,5761.238232,5761.21,0.0200616,0.879,0.0990158,5.0
5761.26,5761.767757,ADP.2022-02-28T01:08:47.417,106.21TJ.001,2022-02-27T00:07:23.210+00:00,-27.467566,99.55,False,5761.23,0.0256851,0.0238764,1.076,5761.239852,5761.23,0.0229902,1.038,0.0990158,5.0
5761.26,5761.767757,ADP.2022-02-28T01:08:47.423,106.21TJ.001,2022-02-27T01:58:24.730+00:00,-27.650939,80.9,False,5761.17,0.0229183,0.0259547,0.883,5761.236328,5761.17,0.0257196,0.784,0.0990158,5.0
5761.26,5761.767757,ADP.2022-03-01T01:01:55.864,106.21TJ.001,2022-02-28T00:05:59.139+00:00,-27.560818,104.4,False,5761.27,0.0266819,0.0248455,1.074,5761.23806,5761.27,0.0275533,0.956,0.0990158,5.0
5761.26,5761.767757,ADP.2022-03-02T01:01:48.711,106.21TJ.001,2022-03-01T00:58:16.419+00:00,-27.732753,91.05,False,5761.16,0.0238503,0.0181548,1.314,5761.234756,5761.16,0.0268072,1.084,0.0990158,5.0
5761.26,5761.767757,ADP.2022-03-03T01:01:51.107,106.21TJ.001,2022-03-02T00:05:02.930+00:00,-27.718181,82.7,False,5761.22,0.0323472,0.0211282,1.531,5761.235036,5761.22,0.0381185,1.208,0.0990158,5.0
5761.26,5761.767757,ADP.2022-03-04T01:01:47.537,106.21TJ.001,2022-03-03T00:02:22.533+00:00,-27.781617,93.15,False,5761.29,0.0334368,0.0267119,1.252,5761.233817,5761.29,0.0347282,1.141,0.0990158,5.0
5761.26,5761.767757,ADP.2022-03-05T01:01:57.634,106.21TJ.001,2022-03-04T00:01:26.242+00:00,-27.839743,83.75,False,5761.29,0.0374761,0.0277869,1.349,5761.232699,5761.29,0.0430521,1.299,0.0990158,5.0
5761.26,5761.767757,ADP.2022-03-06T01:01:33.911,106.21TJ.001,2022-03-05T00:04:38.038+00:00,-27.89424,82.9,False,5761.17,0.0366446,0.0305085,1.201,5761.231652,5761.17,0.0381616,1.165,0.0990158,5.0
5761.26,5761.767757,ADP.2022-03-07T01:01:03.611,106.21TJ.001,2022-03-06T00:01:25.850+00:00,-27.928249,72.05,False,5761.27,0.0411988,0.0283787,1.452,5761.230998,5761.27,0.0424224,1.215,0.0990158,5.0
5761.26,5761.767757,ADP.2022-03-08T01:01:37.324,106.21TJ.001,2022-03-06T23:59:33.270+00:00,-27.958178,78.0,False,5761.18,0.0472314,0.0234366,2.015,5761.230423,5761.18,0.0525321,1.83,0.0990158,5.0
5761.26,5761.767757,ADP.2022-03-09T01:01:43.431,106.21TJ.001,2022-03-07T23:59:48.250+00:00,-27.98299,86.45,False,5761.29,0.0331189,0.0239749,1.381,5761.229946,5761.29,0.0379316,1.193,0.0990158,5.0
5761.26,5761.767757,ADP.2022-03-10T01:02:01.851,106.21TJ.001,2022-03-08T23:55:09.172+00:00,-27.988413,90.4,False,5761.25,0.0372298,0.0215275,1.729,5761.229842,5761.25,0.0396614,1.466,0.0990158,5.0
5761.26,5761.767757,ADP.2022-03-11T01:01:42.904,106.21TJ.001,2022-03-09T23:56:14.833+00:00,-27.996432,93.7,False,5761.23,0.0198888,0.0240476,0.827,5761.229688,5761.15,0.0350904,1.106,0.0990158,5.0
5761.26,5761.767757,ADP.2022-03-16T01:08:23.999,108.21YY.001,2022-03-15T00:38:56.437+00:00,-27.968041,73.85,False,5761.27,0.0371156,0.0235804,1.574,5761.230234,5761.27,0.0378422,1.259,0.0990158,5.0
5761.26,5761.767757,ADP.2022-03-20T01:01:31.167,106.21TJ.001,2022-03-18T23:55:16.711+00:00,-27.682787,77.8,False,5761.17,0.0253025,0.0258614,0.978,5761.235716,5761.17,0.0260069,0.944,0.0990158,5.0
5761.26,5761.767757,ADP.2022-03-20T01:01:31.171,106.21TJ.001,2022-03-19T00:39:15.140+00:00,-27.746107,69.0,False,5761.16,0.0281673,0.0237012,1.188,5761.234499,5761.15,0.0314222,1.118,0.0990158,5.0
5761.26,5761.767757,ADP.2022-03-21T01:01:37.477,106.21TJ.001,2022-03-19T23:47:55.280+00:00,-27.59714,82.55,False,5761.17,0.0199021,0.0243994,0.816,5761.237362,5761.17,0.0216941,0.812,0.0990158,5.0
5761.26,5761.767757,ADP.2022-03-22T01:01:24.721,106.21TJ.001,2022-03-20T23:43:24.078+00:00,-27.510469,86.75,False,5761.18,0.0405336,0.0200981,2.017,5761.239028,5761.18,0.0405336,1.821,0.0990158,5.0
5761.26,5761.767757,ADP.2022-03-23T01:01:28.597,106.21TJ.001,2022-03-21T23:45:10.830+00:00,-27.423609,92.9,False,5761.23,0.034445,0.0260662,1.321,5761.240697,5761.23,0.0321903,1.304,0.0990158,5.0
5761.26,5761.767757,ADP.2022-03-24T01:03:51.863,106.21TJ.001,2022-03-22T23:42:49.184+00:00,-27.323974,72.3,False,5761.18,0.0340533,0.016718,2.037,5761.242612,5761.18,0.0360723,1.724,0.0990158,5.0
5761.26,5761.767757,ADP.2022-03-25T01:07:01.314,106.21TJ.001,2022-03-23T23:36:31.848+00:00,-27.20946,68.25,False,5761.19,0.0357553,0.027545,1.298,5761.244813,5761.15,0.0389128,1.321,0.0990158,5.0
5761.26,5761.767757,ADP.2022-03-27T01:08:28.505,106.21TJ.001,2022-03-26T00:23:50.650+00:00,-27.039998,79.4,False,5761.21,0.0301563,0.0246765,1.222,5761.24807,5761.21,0.0301563,1.083,0.0990158,5.0
5761.26,5761.767757,ADP.2022-03-28T01:01:38.104,106.21TJ.001,2022-03-26T23:35:21.608+00:00,-26.845221,91.7,False,5761.17,0.0496777,0.0243028,2.044,5761.251813,5761.17,0.0502651,1.833,0.0990158,5.0
5761.26,5761.767757,ADP.2022-03-29T01:04:37.127,106.21TJ.001,2022-03-28T00:33:52.921+00:00,-26.783796,76.8,False,5761.22,0.0369163,0.0285367,1.294,5761.252994,5761.22,0.0369163,1.292,0.0990158,5.0
5761.26,5761.767757,ADP.2022-03-31T01:09:17.461,106.21TJ.001,2022-03-29T23:29:21.688+00:00,-26.400441,74.25,False,5761.27,0.036274,0.0224657,1.615,5761.260362,5761.27,0.0356476,1.548,0.0990158,5.0
5761.26,5761.767757,ADP.2022-04-02T01:01:28.017,106.21TJ.001,2022-03-31T23:28:56.415+00:00,-26.067532,76.95,False,5761.2,0.0322049,0.0293672,1.097,5761.26676,5761.2,0.0328952,1.082,0.0990158,5.0
5761.26,5761.767757,ADP.2022-04-03T01:01:21.964,106.21TJ.001,2022-04-01T23:42:05.828+00:00,-25.905901,84.3,False,5761.25,0.0175152,0.0215754,0.812,5761.269866,5761.25,0.0175152,0.812,0.0990158,5.0
5761.26,5761.767757,ADP.2022-04-04T01:01:35.401,106.21TJ.001,2022-04-02T23:35:27.169+00:00,-25.71068,72.2,False,5761.22,0.0266461,0.0254528,1.047,5761.273618,5761.22,0.0265478,1.154,0.0990158,5.0
5761.26,5761.767757,ADP.2022-04-06T01:01:33.181,106.21TJ.001,2022-04-04T23:22:24.413+00:00,-25.297166,82.6,False,5761.24,0.0289357,0.0238053,1.216,5761.281566,5761.24,0.0285189,1.395,0.0990158,5.0
5761.26,5761.767757,ADP.2022-04-07T01:01:33.247,106.21TJ.001,2022-04-05T23:21:25.680+00:00,-25.087269,84.3,False,5761.18,0.0255756,0.0247044,1.035,5761.2856,5761.19,0.0228785,1.081,0.0990158,5.0
5761.26,5761.767757,ADP.2022-04-08T01:09:45.817,106.21TJ.001,2022-04-06T23:22:50.038+00:00,-24.873103,16.8,False,5761.21,0.0620623,0.0561639,1.105,5761.289716,5761.21,0.0620623,0.993,0.0990158,5.0
5761.26,5761.767757,ADP.2022-04-09T01:03:22.027,106.21TJ.001,2022-04-07T23:24:33.478+00:00,-24.651157,103.35,False,5761.27,0.0263147,0.0264868,0.994,5761.293981,5761.27,0.0252772,1.228,0.0990158,5.0
5761.26,5761.767757,ADP.2022-04-10T01:01:23.077,106.21TJ.001,2022-04-08T23:23:22.751+00:00,-24.419477,87.85,False,5761.16,0.021298,0.0226985,0.938,5761.298434,5761.22,0.010097,0.743,0.0990158,5.0
5761.26,5761.767757,ADP.2022-04-12T01:03:46.274,106.21TJ.001,2022-04-10T23:20:47.541+00:00,-23.93488,62.15,False,5761.17,0.0470263,0.0246455,1.908,5761.307748,5761.25,0.0352865,1.716,0.0990158,5.0
5761.26,5761.767757,ADP.2022-04-13T01:01:45.251,106.21TJ.001,2022-04-11T23:16:55.921+00:00,-23.679972,74.5,False,5761.25,0.0298158,0.021465,1.389,5761.312647,5761.25,0.0287113,1.58,0.0990158,5.0
5761.26,5761.767757,ADP.2022-04-14T01:01:17.534,106.21TJ.001,2022-04-12T23:20:31.251+00:00,-23.428489,68.2,False,5761.21,0.0374202,0.0311055,1.203,5761.31748,5761.27,0.0257454,1.419,0.0990158,5.0
5761.26,5761.767757,ADP.2022-04-17T01:13:09.437,106.21TJ.001,2022-04-15T23:26:59.038+00:00,-22.62918,71.65,False,5761.16,0.0313883,0.0294804,1.065,5761.332842,5761.28,0.0255344,1.188,0.0990158,5.0
5761.26,5761.767757,ADP.2022-11-09T01:25:13.749,1102.C-0923(C),2022-11-08T06:01:04.738+00:00,15.057166,71.25,False,5761.22,0.0459852,0.0247051,1.861,5762.057143,5762.13,0.0273363,1.84,0.0990158,5.0
5761.26,5761.767757,ADP.2022-11-11T01:04:38.963,1102.C-0923(C),2022-11-10T05:15:52.681+00:00,14.318342,85.45,False,5761.21,0.0410928,0.0271784,1.512,5762.042944,5762.12,0.0091832,0.601,0.0990158,5.0
5761.26,5761.767757,ADP.2022-11-16T01:01:44.831,1102.C-0923(C),2022-11-15T04:31:33.762+00:00,12.256393,85.55,False,5761.22,0.0244838,0.024461,1.001,5762.003315,5762.1,0.0055009,0.34,0.0990158,5.0
5761.26,5761.767757,ADP.2022-11-18T01:01:58.007,1102.C-0923(C),2022-11-17T05:28:44.074+00:00,11.252183,67.2,False,5761.18,0.0386927,0.0231695,1.67,5761.984015,5762.08,-0.01886,-1.68,0.0990158,5.0
5761.26,5761.767757,ADP.2022-11-19T01:01:03.910,1102.C-0923(C),2022-11-18T06:45:27.522+00:00,10.640397,72.9,False,5761.24,0.0374191,0.028444,1.316,5761.972256,5762.07,-0.0006166,-0.034,0.0990158,5.0
5761.26,5761.767757,ADP.2022-11-20T01:02:03.020,1102.C-0923(C),2022-11-19T05:01:20.817+00:00,10.400631,84.75,False,5761.33,0.0227471,0.0140276,1.622,5761.967648,5762.04,-0.0267885,-2.419,0.0990158,5.0
5761.26,5761.767757,ADP.2022-11-22T01:03:06.708,1102.C-0923(C),2022-11-21T04:54:57.893+00:00,9.489822,80.15,False,5761.18,0.0350467,0.032817,1.068,5761.950143,5762.05,-0.0390574,-2.679,0.0990158,5.0
5761.26,5761.767757,ADP.2022-11-24T01:01:32.280,1102.C-0923(C),2022-11-23T05:39:39.669+00:00,8.458296,84.65,False,5761.26,0.0329125,0.0277572,1.186,5761.930318,5761.84,-0.0491508,-5.797,0.0990158,5.0
5761.26,5761.767757,ADP.2022-11-25T01:01:54.731,1102.C-0923(C),2022-11-24T04:40:44.864+00:00,8.106583,83.05,False,5761.22,0.0262877,0.028812,0.912,5761.923559,5761.84,-0.0428843,-2.182,0.0990158,5.0
5761.26,5761.767757,ADP.2022-11-26T01:01:25.577,1102.C-0923(C),2022-11-25T05:01:24.654+00:00,7.586804,59.05,False,5761.2,0.0317289,0.0278321,1.14,5761.913569,5761.83,-0.0025416,-0.125,0.0990158,5.0
5761.26,5761.767757,ADP.2022-11-27T01:01:42.573,1102.C-0923(C),2022-11-26T05:50:23.867+00:00,7.006185,65.15,False,5761.18,0.0359308,0.0278227,1.291,5761.90241,5761.81,-0.0237768,-1.385,0.0990158,5.0
5761.26,5761.767757,ADP.2022-12-15T01:01:14.336,1102.C-0923(C),2022-12-14T03:46:34.400+00:00,-1.573667,58.05,False,5761.28,0.0442474,0.0359971,1.229,5761.737512,5761.75,0.1065489,1.894,0.0990158,5.0
5761.26,5761.767757,ADP.2022-12-17T01:09:21.053,1102.C-0923(C),2022-12-16T03:55:44.455+00:00,-2.588386,70.8,False,5761.17,0.0446238,0.0265456,1.681,5761.71801,5761.64,0.1155364,2.146,0.0990158,5.0
5761.26,5761.767757,ADP.2022-12-19T01:02:59.708,1102.C-0923(C),2022-12-18T05:04:21.647+00:00,-3.723966,72.4,False,5761.28,0.0331144,0.0205467,1.612,5761.696185,5761.73,0.1171219,1.941,0.0990158,5.0
5761.26,5761.767757,ADP.2022-12-24T01:01:09.687,1102.C-0923(C),2022-12-23T02:00:53.051+00:00,-5.812765,78.45,False,5761.22,0.0241742,0.0312629,0.773,5761.65604,5761.7,0.0952316,1.636,0.0990158,5.0
5761.26,5761.767757,ADP.2022-12-28T01:01:24.346,110.2438.001,2022-12-27T01:18:52.338+00:00,-7.679816,74.3,False,5761.27,0.0266322,0.0230131,1.157,5761.620157,5761.66,0.0739503,0.914,0.0990158,5.0
5761.26,5761.767757,ADP.2023-01-05T01:06:55.696,1102.C-0923(C),2023-01-04T05:01:31.212+00:00,-11.854067,79.05,False,5761.19,0.0493392,0.0276148,1.787,5761.539931,5761.61,0.011036,0.348,0.0990158,5.0
5761.26,5761.767757,ADP.2023-01-29T01:02:02.181,1102.C-0923(C),2023-01-28T01:22:22.692+00:00,-20.993979,84.8,False,5761.28,0.0128425,0.0221414,0.58,5761.364269,5761.28,0.0099096,0.671,0.0990158,5.0
5761.26,5761.767757,ADP.2023-02-01T01:02:03.945,1102.C-0923(C),2023-01-31T02:12:42.621+00:00,-22.049273,81.2,False,5761.2,0.0254714,0.0282336,0.902,5761.343988,5761.28,0.0179627,1.447,0.0990158,5.0
5761.26,5761.767757,ADP.2023-02-04T01:01:51.531,1102.C-0923(C),2023-02-03T03:11:45.103+00:00,-23.045502,68.0,False,5761.26,0.0240566,0.0256542,0.938,5761.324841,5761.26,0.0210382,1.087,0.0990158,5.0
5761.26,5761.767757,ADP.2023-02-07T01:00:41.571,1102.C-0923(C),2023-02-06T02:05:15.266+00:00,-23.753481,58.0,False,5761.27,0.037083,0.026748,1.386,5761.311234,5761.27,0.0362767,1.692,0.0990158,5.0
5761.26,5761.767757,ADP.2023-02-09T01:01:35.609,1102.C-0923(C),2023-02-08T03:07:09.609+00:00,-24.379597,53.15,False,5761.25,0.0601005,0.0372127,1.615,5761.299201,5761.25,0.0601957,1.907,0.0990158,5.0
5761.26,5761.767757,ADP.2023-03-15T01:01:50.967,1102.C-0923(C),2023-03-14T00:58:30.817+00:00,-28.045052,60.5,False,5761.25,0.0567126,0.0229394,2.472,5761.228754,5761.25,0.0591791,1.632,0.0990158,5.0
5761.26,5761.767757,ADP.2023-03-17T01:01:57.524,1102.C-0923(C),2023-03-16T00:48:44.886+00:00,-27.963382,77.35,False,5761.2,0.0333485,0.0219725,1.518,5761.230323,5761.2,0.0336546,1.237,0.0990158,5.0
5761.26,5761.767757,ADP.2023-03-19T01:01:47.862,1102.C-0923(C),2023-03-18T00:46:00.470+00:00,-27.8581,76.15,False,5761.22,0.0384603,0.0222163,1.731,5761.232347,5761.22,0.0380759,1.347,0.0990158,5.0
5761.26,5761.767757,ADP.2023-03-23T01:02:04.809,1102.C-0923(C),2023-03-22T00:29:20.619+00:00,-27.525998,79.1,False,5761.21,0.0374418,0.0318597,1.175,5761.238729,5761.14,0.0407087,1.13,0.0990158,5.0
5761.26,5761.767757,ADP.2023-03-27T01:01:37.767,1102.C-0923(C),2023-03-25T23:38:50.871+00:00,-27.009534,64.3,False,5761.32,0.0446576,0.0289419,1.543,5761.248655,5761.32,0.0446576,1.33,0.0990158,5.0
5761.26,5761.767757,ADP.2023-03-31T01:01:58.594,1102.C-0923(C),2023-03-29T23:47:19.361+00:00,-26.447159,76.25,False,5761.26,0.0417559,0.0215065,1.942,5761.259464,5761.26,0.0437709,1.805,0.0990158,5.0
5761.26,5761.767757,ADP.2023-04-02T01:01:36.207,1102.C-0923(C),2023-03-31T23:35:46.943+00:00,-26.099517,72.9,False,5761.2,0.0317233,0.0162288,1.955,5761.266145,5761.2,0.0325086,2.015,0.0990158,5.0
5761.26,5761.767757,ADP.2023-08-23T01:02:46.829,106.21TJ.008,2023-08-22T09:08:19.406+00:00,26.047679,52.05,False,5761.23,0.0445153,0.0350152,1.271,5762.268372,5762.25,0.0437436,0.837,0.0990158,5.0
5761.26,5761.767757,ADP.2023-09-29T01:01:19.213,111.254R.002,2023-09-28T08:16:55.029+00:00,26.520802,56.1,False,5761.2,0.0268904,0.0296406,0.907,5762.277465,5762.18,0.0431865,1.056,0.0990158,5.0
5761.26,5761.767757,ADP.2023-09-30T01:01:21.005,111.254R.002,2023-09-29T07:03:21.972+00:00,26.505763,55.8,False,5761.17,0.031845,0.0322016,0.989,5762.277176,5762.21,0.0576542,1.63,0.0990158,5.0
6432.95,6433.516955,ADP.2022-02-17T01:09:52.145,106.21TJ.001,2022-02-16T01:27:52.181+00:00,-26.02172,70.0,False,6433.03,0.0147645,0.0110475,1.336,6432.958531,6433.07,0.0206383,1.861,0.0547189,5.0
6432.95,6433.516955,ADP.2022-02-18T01:08:20.617,106.21TJ.001,2022-02-17T01:26:40.203+00:00,-26.20633,79.4,False,6432.96,0.0269979,0.0135889,1.987,6432.954569,6432.96,0.0269979,1.85,0.0547189,5.0
6432.95,6433.516955,ADP.2022-02-21T09:05:19.614,106.21TJ.001,2022-02-18T00:17:52.636+00:00,-26.256229,94.8,False,6432.87,0.0214519,0.0117482,1.826,6432.953499,6432.87,0.0210558,1.843,0.0547189,5.0
6432.95,6433.516955,ADP.2022-02-21T09:05:19.620,106.21TJ.001,2022-02-18T01:58:30.212+00:00,-26.436841,86.95,False,6433.03,0.0172156,0.0095344,1.806,6432.949623,6433.03,0.0172156,1.806,0.0547189,5.0
6432.95,6433.516955,ADP.2022-02-20T01:06:53.624,106.21TJ.001,2022-02-19T00:15:10.071+00:00,-26.419257,108.0,True,6432.95,0.1094377,0.0109572,9.988,6432.95,6432.95,0.1094377,9.988,0.0547189,5.0
6432.95,6433.516955,ADP.2022-02-20T01:06:53.630,106.21TJ.001,2022-02-19T01:56:44.921+00:00,-26.599351,87.55,False,6433.0,0.023173,0.0090588,2.558,6432.946135,6433.0,0.0229196,2.53,0.0547189,5.0
6432.95,6433.516955,ADP.2022-02-21T01:01:25.324,106.21TJ.001,2022-02-20T00:14:55.621+00:00,-26.580738,93.4,False,6433.06,0.020401,0.0106184,1.921,6432.946535,6432.96,0.0199022,1.874,0.0547189,5.0
6432.95,6433.516955,ADP.2022-02-21T01:01:25.326,106.21TJ.001,2022-02-20T01:21:24.900+00:00,-26.700202,95.45,False,6432.99,0.0079892,0.0111759,0.715,6432.943971,6432.99,0.0077655,0.701,0.0547189,5.0
6432.95,6433.516955,ADP.2022-02-21T01:01:25.328,106.21TJ.001,2022-02-20T01:46:56.630+00:00,-26.742754,101.15,False,6432.99,0.0150867,0.0063386,2.38,6432.943058,6432.99,0.0150867,2.559,0.0547189,5.0
6432.95,6433.516955,ADP.2022-02-22T01:03:34.261,106.21TJ.001,2022-02-21T00:13:12.699+00:00,-26.729024,90.65,False,6432.86,0.0175442,0.0071377,2.458,6432.943352,6432.86,0.017907,2.661,0.0547189,5.0
6432.95,6433.516955,ADP.2022-02-22T01:03:34.267,106.21TJ.001,2022-02-21T01:53:03.032+00:00,-26.904203,89.7,False,6432.85,0.015371,0.011715,1.312,6432.939593,6432.85,0.015051,1.339,0.0547189,5.0
6432.95,6433.516955,ADP.2022-02-23T01:00:40.108,106.21TJ.001,2022-02-22T00:11:38.491+00:00,-26.87713,100.5,False,6432.92,0.0190689,0.0055983,3.406,6432.940174,6432.92,0.0188897,3.374,0.0547189,5.0
6432.95,6433.516955,ADP.2022-02-23T01:00:40.104,106.21TJ.001,2022-02-22T02:06:47.934+00:00,-27.072982,93.3,False,6432.91,0.0239495,0.0070778,3.384,6432.935971,6432.91,0.0236235,2.934,0.0547189,5.0
6432.95,6433.516955,ADP.2022-02-24T01:01:15.557,106.21TJ.001,2022-02-23T00:23:42.387+00:00,-27.031242,93.25,False,6433.06,0.0138444,0.0069757,1.985,6432.936867,6433.01,0.00906,1.399,0.0547189,5.0
6432.95,6433.516955,ADP.2022-02-24T01:01:15.563,106.21TJ.001,2022-02-23T02:13:40.722+00:00,-27.220188,76.0,False,6433.01,0.0227517,0.0103259,2.203,6432.932812,6433.01,0.0227517,2.203,0.0547189,5.0
6432.95,6433.516955,ADP.2022-02-25T01:01:16.362,106.21TJ.001,2022-02-24T00:17:02.230+00:00,-27.14686,81.7,False,6433.04,0.0122163,0.0125412,0.974,6432.934386,6433.04,0.012441,1.074,0.0547189,5.0
6432.95,6433.516955,ADP.2022-02-25T01:01:16.368,106.21TJ.001,2022-02-24T02:09:40.815+00:00,-27.340149,78.3,False,6433.05,0.0137997,0.0138155,0.999,6432.930238,6433.04,0.0141057,1.044,0.0547189,5.0
6432.95,6433.516955,ADP.2022-02-27T01:12:52.794,106.21TJ.001,2022-02-26T00:07:49.918+00:00,-27.365619,98.05,False,6432.91,0.0221733,0.007944,2.791,6432.929691,6432.91,0.0219329,2.845,0.0547189,5.0
6432.95,6433.516955,ADP.2022-02-27T01:12:52.800,106.21TJ.001,2022-02-26T01:59:58.250+00:00,-27.551901,90.05,False,6433.0,0.0211666,0.009099,2.326,6432.925694,6433.0,0.0233391,2.762,0.0547189,5.0
6432.95,6433.516955,ADP.2022-02-28T01:08:47.417,106.21TJ.001,2022-02-27T00:07:23.210+00:00,-27.467566,99.55,False,6433.06,0.0080397,0.0064875,1.239,6432.927503,6432.94,0.003796,0.792,0.0547189,5.0
6432.95,6433.516955,ADP.2022-02-28T01:08:47.423,106.21TJ.001,2022-02-27T01:58:24.730+00:00,-27.650939,80.9,False,6432.98,0.0186527,0.0088221,2.114,6432.923568,6432.83,0.0272722,3.003,0.0547189,5.0
6432.95,6433.516955,ADP.2022-03-01T01:01:55.864,106.21TJ.001,2022-02-28T00:05:59.139+00:00,-27.560818,104.4,False,6432.84,0.0161422,0.0074373,2.17,6432.925502,6432.83,0.0167331,2.35,0.0547189,5.0
6432.95,6433.516955,ADP.2022-03-02T01:01:48.711,106.21TJ.001,2022-03-01T00:58:16.419+00:00,-27.732753,91.05,False,6432.9,0.0220086,0.0090814,2.423,6432.921813,6432.9,0.0220086,2.423,0.0547189,5.0
6432.95,6433.516955,ADP.2022-03-03T01:01:51.107,106.21TJ.001,2022-03-02T00:05:02.930+00:00,-27.718181,82.7,False,6432.99,0.0291233,0.0108835,2.676,6432.922125,6432.99,0.0291233,2.622,0.0547189,5.0
6432.95,6433.516955,ADP.2022-03-04T01:01:47.537,106.21TJ.001,2022-03-03T00:02:22.533+00:00,-27.781617,93.15,False,6433.01,0.0149451,0.0100773,1.483,6432.920764,6433.01,0.0155199,1.855,0.0547189,5.0
6432.95,6433.516955,ADP.2022-03-05T01:01:57.634,106.21TJ.001,2022-03-04T00:01:26.242+00:00,-27.839743,83.75,False,6432.98,0.0184223,0.0108841,1.693,6432.919517,6432.83,0.0232292,2.361,0.0547189,5.0
6432.95,6433.516955,ADP.2022-03-06T01:01:33.911,106.21TJ.001,2022-03-05T00:04:38.038+00:00,-27.89424,82.9,False,6433.01,0.0129004,0.0106411,1.212,6432.918347,6432.82,0.024102,2.444,0.0547189,5.0
6432.95,6433.516955,ADP.2022-03-07T01:01:03.611,106.21TJ.001,2022-03-06T00:01:25.850+00:00,-27.928249,72.05,False,6433.06,0.0340693,0.0121699,2.799,6432.917617,6432.91,0.0304251,2.297,0.0547189,5.0
6432.95,6433.516955,ADP.2022-03-08T01:01:37.324,106.21TJ.001,2022-03-06T23:59:33.270+00:00,-27.958178,78.0,False,6432.89,0.0180546,0.0175412,1.029,6432.916975,6432.89,0.0198005,1.265,0.0547189,5.0
6432.95,6433.516955,ADP.2022-03-09T01:01:43.431,106.21TJ.001,2022-03-07T23:59:48.250+00:00,-27.98299,86.45,False,6432.89,0.1900852,0.0080916,23.492,6432.916442,6432.89,0.1903728,24.2,0.0547189,5.0
6432.95,6433.516955,ADP.2022-03-10T01:02:01.851,106.21TJ.001,2022-03-08T23:55:09.172+00:00,-27.988413,90.4,False,6433.04,0.0212949,0.0129698,1.642,6432.916326,6432.93,0.0111311,0.775,0.0547189,5.0
6432.95,6433.516955,ADP.2022-03-11T01:01:42.904,106.21TJ.001,2022-03-09T23:56:14.833+00:00,-27.996432,93.7,False,6432.93,0.0183656,0.0090367,2.032,6432.916154,6432.93,0.0180275,1.819,0.0547189,5.0
6432.95,6433.516955,ADP.2022-03-16T01:08:23.999,108.21YY.001,2022-03-15T00:38:56.437+00:00,-27.968041,73.85,False,6432.9,0.0131022,0.0116525,1.124,6432.916763,6432.9,0.012915,1.028,0.0547189,5.0
6432.95,6433.516955,ADP.2022-03-20T01:01:31.167,106.21TJ.001,2022-03-18T23:55:16.711+00:00,-27.682787,77.8,False,6433.03,0.0227863,0.0131115,1.738,6432.922885,6433.03,0.0255044,1.892,0.0547189,5.0
6432.95,6433.516955,ADP.2022-03-20T01:01:31.171,106.21TJ.001,2022-03-19T00:39:15.140+00:00,-27.746107,69.0,False,6432.96,0.0126023,0.0170747,0.738,6432.921526,6432.96,0.0116012,0.675,0.0547189,5.0
6432.95,6433.516955,ADP.2022-03-21T01:01:37.477,106.21TJ.001,2022-03-19T23:47:55.280+00:00,-27.59714,82.55,False,6433.06,0.0189734,0.0118586,1.6,6432.924723,6432.82,0.0154183,1.446,0.0547189,5.0
6432.95,6433.516955,ADP.2022-03-22T01:01:24.721,106.21TJ.001,2022-03-20T23:43:24.078+00:00,-27.510469,86.75,False,6433.03,0.0181613,0.0078416,2.316,6432.926583,6432.83,0.0206414,2.791,0.0547189,5.0
6432.95,6433.516955,ADP.2022-03-23T01:01:28.597,106.21TJ.001,2022-03-21T23:45:10.830+00:00,-27.423609,92.9,False,6432.9,0.0216046,0.0073637,2.934,6432.928447,6432.9,0.0218243,2.786,0.0547189,5.0
6432.95,6433.516955,ADP.2022-03-24T01:03:51.863,106.21TJ.001,2022-03-22T23:42:49.184+00:00,-27.323974,72.3,False,6432.91,0.0142072,0.0108734,1.307,6432.930585,6432.91,0.014118,1.264,0.0547189,5.0
6432.95,6433.516955,ADP.2022-03-25T01:07:01.314,106.21TJ.001,2022-03-23T23:36:31.848+00:00,-27.20946,68.25,False,6432.89,0.0146934,0.01077,1.364,6432.933042,6432.89,0.0161223,1.335,0.0547189,5.0
6432.95,6433.516955,ADP.2022-03-27T01:08:28.505,106.21TJ.001,2022-03-26T00:23:50.650+00:00,-27.039998,79.4,False,6432.95,0.0173929,0.0127197,1.367,6432.936679,6432.95,0.0162195,1.218,0.0547189,5.0
6432.95,6433.516955,ADP.2022-03-28T01:01:38.104,106.21TJ.001,2022-03-26T23:35:21.608+00:00,-26.845221,91.7,False,6433.01,0.0220207,0.0099033,2.224,6432.940859,6433.01,0.0220207,2.224,0.0547189,5.0
6432.95,6433.516955,ADP.2022-03-29T01:04:37.127,106.21TJ.001,2022-03-28T00:33:52.921+00:00,-26.783796,76.8,False,6433.06,0.0185315,0.0148366,1.249,6432.942177,6432.89,0.0092623,0.636,0.0547189,5.0
6432.95,6433.516955,ADP.2022-03-31T01:09:17.461,106.21TJ.001,2022-03-29T23:29:21.688+00:00,-26.400441,74.25,False,6433.0,0.0263949,0.0099929,2.641,6432.950404,6433.0,0.0263949,2.641,0.0547189,5.0
6432.95,6433.516955,ADP.2022-04-02T01:01:28.017,106.21TJ.001,2022-03-31T23:28:56.415+00:00,-26.067532,76.95,False,6433.06,0.0338923,0.0125633,2.698,6432.957548,6433.06,0.0337657,2.711,0.0547189,5.0
6432.95,6433.516955,ADP.2022-04-03T01:01:21.964,106.21TJ.001,2022-04-01T23:42:05.828+00:00,-25.905901,84.3,False,6433.03,0.014261,0.0110656,1.289,6432.961017,6433.07,0.0142221,1.275,0.0547189,5.0
6432.95,6433.516955,ADP.2022-04-04T01:01:35.401,106.21TJ.001,2022-04-02T23:35:27.169+00:00,-25.71068,72.2,False,6432.98,0.029666,0.0104021,2.852,6432.965206,6432.98,0.0293172,2.875,0.0547189,5.0
6432.95,6433.516955,ADP.2022-04-06T01:01:33.181,106.21TJ.001,2022-04-04T23:22:24.413+00:00,-25.297166,82.6,False,6432.94,0.0133111,0.0128354,1.037,6432.97408,6432.94,0.0140068,1.095,0.0547189,5.0
6432.95,6433.516955,ADP.2022-04-07T01:01:33.247,106.21TJ.001,2022-04-05T23:21:25.680+00:00,-25.087269,84.3,False,6433.05,0.0156237,0.0095612,1.634,6432.978584,6433.09,0.0203833,2.238,0.0547189,5.0
6432.95,6433.516955,ADP.2022-04-08T01:09:45.817,106.21TJ.001,2022-04-06T23:22:50.038+00:00,-24.873103,16.8,False,6432.96,0.0659023,0.05936,1.11,6432.98318,6432.96,0.0659023,1.303,0.0547189,5.0
6432.95,6433.516955,ADP.2022-04-09T01:03:22.027,106.21TJ.001,2022-04-07T23:24:33.478+00:00,-24.651157,103.35,False,6432.91,0.0108242,0.0082082,1.319,6432.987943,6432.91,0.0122273,1.254,0.0547189,5.0
6432.95,6433.516955,ADP.2022-04-10T01:01:23.077,106.21TJ.001,2022-04-08T23:23:22.751+00:00,-24.419477,87.85,False,6432.92,0.0165264,0.0121117,1.365,6432.992915,6432.92,0.0167146,1.483,0.0547189,5.0
6432.95,6433.516955,ADP.2022-04-12T01:03:46.274,106.21TJ.001,2022-04-10T23:20:47.541+00:00,-23.93488,62.15,False,6432.84,0.0108611,0.013572,0.8,6433.003315,6432.91,0.008489,0.604,0.0547189,5.0
6432.95,6433.516955,ADP.2022-04-13T01:01:45.251,106.21TJ.001,2022-04-11T23:16:55.921+00:00,-23.679972,74.5,False,6433.06,0.0350899,0.0111426,3.149,6433.008785,6433.06,0.0371206,3.704,0.0547189,5.0
6432.95,6433.516955,ADP.2022-04-14T01:01:17.534,106.21TJ.001,2022-04-12T23:20:31.251+00:00,-23.428489,68.2,False,6432.9,0.0176399,0.0130895,1.348,6433.014182,6432.91,0.0082012,0.755,0.0547189,5.0
6432.95,6433.516955,ADP.2022-04-17T01:13:09.437,106.21TJ.001,2022-04-15T23:26:59.038+00:00,-22.62918,71.65,False,6433.05,0.0222711,0.01336,1.667,6433.031335,6433.05,0.0198248,1.502,0.0547189,5.0
6432.95,6433.516955,ADP.2022-11-09T01:25:13.749,1102.C-0923(C),2022-11-08T06:01:04.738+00:00,15.057166,71.25,False,6432.99,0.0365707,0.0074582,4.903,6433.84008,6433.74,-0.0055994,-0.347,0.0547189,5.0
6432.95,6433.516955,ADP.2022-11-11T01:04:38.963,1102.C-0923(C),2022-11-10T05:15:52.681+00:00,14.318342,85.45,False,6432.93,0.0160189,0.0070306,2.278,6433.824225,6433.72,-0.0021668,-0.158,0.0547189,5.0
6432.95,6433.516955,ADP.2022-11-16T01:01:44.831,1102.C-0923(C),2022-11-15T04:31:33.762+00:00,12.256393,85.55,False,6432.88,0.0180251,0.011699,1.541,6433.779976,6433.68,0.0121209,0.614,0.0547189,5.0
6432.95,6433.516955,ADP.2022-11-18T01:01:58.007,1102.C-0923(C),2022-11-17T05:28:44.074+00:00,11.252183,67.2,False,6432.96,0.0299259,0.0130501,2.293,6433.758425,6433.66,0.0229443,0.836,0.0547189,5.0
6432.95,6433.516955,ADP.2022-11-19T01:01:03.910,1102.C-0923(C),2022-11-18T06:45:27.522+00:00,10.640397,72.9,False,6432.89,0.0174698,0.0140038,1.248,6433.745297,6433.67,0.0212333,0.875,0.0547189,5.0
6432.95,6433.516955,ADP.2022-11-20T01:02:03.020,1102.C-0923(C),2022-11-19T05:01:20.817+00:00,10.400631,84.75,False,6432.85,0.0144604,0.0201395,0.718,6433.740151,6433.63,0.0325084,1.113,0.0547189,5.0
6432.95,6433.516955,ADP.2022-11-22T01:03:06.708,1102.C-0923(C),2022-11-21T04:54:57.893+00:00,9.489822,80.15,False,6432.89,0.0174939,0.011544,1.515,6433.720605,6433.68,0.0279596,1.168,0.0547189,5.0
6432.95,6433.516955,ADP.2022-11-24T01:01:32.280,1102.C-0923(C),2022-11-23T05:39:39.669+00:00,8.458296,84.65,False,6433.06,0.0078223,0.0118039,0.663,6433.698469,6433.62,0.0243618,0.908,0.0547189,5.0
6432.95,6433.516955,ADP.2022-11-25T01:01:54.731,1102.C-0923(C),2022-11-24T04:40:44.864+00:00,8.106583,83.05,False,6432.95,0.0176545,0.0126667,1.394,6433.690921,6433.65,0.046552,1.018,0.0547189,5.0
6432.95,6433.516955,ADP.2022-11-26T01:01:25.577,1102.C-0923(C),2022-11-25T05:01:24.654+00:00,7.586804,59.05,False,6432.91,0.0620753,0.0200508,3.096,6433.679767,6433.69,0.0333472,0.89,0.0547189,5.0
6432.95,6433.516955,ADP.2022-11-27T01:01:42.573,1102.C-0923(C),2022-11-26T05:50:23.867+00:00,7.006185,65.15,False,6432.9,0.0128822,0.0141868,0.908,6433.667307,6433.58,0.0399084,0.901,0.0547189,5.0
6432.95,6433.516955,ADP.2022-12-15T01:01:14.336,1102.C-0923(C),2022-12-14T03:46:34.400+00:00,-1.573667,58.05,False,6432.98,0.0398159,0.0145046,2.745,6433.483184,6433.53,0.0660674,2.057,0.0547189,5.0
6432.95,6433.516955,ADP.2022-12-17T01:09:21.053,1102.C-0923(C),2022-12-16T03:55:44.455+00:00,-2.588386,70.8,False,6432.95,0.0144322,0.0125293,1.152,6433.461408,6433.47,0.0371954,1.821,0.0547189,5.0
6432.95,6433.516955,ADP.2022-12-19T01:02:59.708,1102.C-0923(C),2022-12-18T05:04:21.647+00:00,-3.723966,72.4,False,6433.06,0.0198515,0.0103613,1.916,6433.437039,6433.54,0.0304549,1.49,0.0547189,5.0
6432.95,6433.516955,ADP.2022-12-24T01:01:09.687,1102.C-0923(C),2022-12-23T02:00:53.051+00:00,-5.812765,78.45,False,6433.0,0.0100901,0.0154082,0.655,6433.392213,6433.38,0.0308633,1.976,0.0547189,5.0
6432.95,6433.516955,ADP.2022-12-28T01:01:24.346,110.2438.001,2022-12-27T01:18:52.338+00:00,-7.679816,74.3,False,6432.96,0.0267702,0.0137318,1.95,6433.352147,6433.25,0.0392926,2.429,0.0547189,5.0
6432.95,6433.516955,ADP.2023-01-05T01:06:55.696,1102.C-0923(C),2023-01-04T05:01:31.212+00:00,-11.854067,79.05,False,6433.06,0.0290364,0.0204577,1.419,6433.262568,6433.35,0.0033834,0.375,0.0547189,5.0
6432.95,6433.516955,ADP.2023-01-29T01:02:02.181,1102.C-0923(C),2023-01-28T01:22:22.692+00:00,-20.993979,84.8,False,6432.88,0.0256719,0.0130344,1.97,6433.066426,6433.13,0.0178872,1.254,0.0547189,5.0
6432.95,6433.516955,ADP.2023-02-01T01:02:03.945,1102.C-0923(C),2023-01-31T02:12:42.621+00:00,-22.049273,81.2,False,6433.0,0.0192092,0.0099849,1.924,6433.043779,6433.0,0.0181736,1.734,0.0547189,5.0
6432.95,6433.516955,ADP.2023-02-04T01:01:51.531,1102.C-0923(C),2023-02-03T03:11:45.103+00:00,-23.045502,68.0,False,6432.91,0.0201737,0.0119034,1.695,6433.0224,6433.06,0.0133189,0.92,0.0547189,5.0
6432.95,6433.516955,ADP.2023-02-07T01:00:41.571,1102.C-0923(C),2023-02-06T02:05:15.266+00:00,-23.753481,58.0,False,6433.0,0.0210098,0.0128091,1.64,6433.007207,6433.1,0.023106,1.988,0.0547189,5.0
6432.95,6433.516955,ADP.2023-02-09T01:01:35.609,1102.C-0923(C),2023-02-08T03:07:09.609+00:00,-24.379597,53.15,False,6433.01,0.0375542,0.0155603,2.413,6432.993771,6433.01,0.0364813,2.294,0.0547189,5.0
6432.95,6433.516955,ADP.2023-03-15T01:01:50.967,1102.C-0923(C),2023-03-14T00:58:30.817+00:00,-28.045052,60.5,False,6432.85,0.0215198,0.0184708,1.165,6432.915111,6432.85,0.0207269,1.025,0.0547189,5.0
6432.95,6433.516955,ADP.2023-03-17T01:01:57.524,1102.C-0923(C),2023-03-16T00:48:44.886+00:00,-27.963382,77.35,False,6433.0,0.0185901,0.0109593,1.696,6432.916863,6432.82,0.0236718,2.266,0.0547189,5.0
6432.95,6433.516955,ADP.2023-03-19T01:01:47.862,1102.C-0923(C),2023-03-18T00:46:00.470+00:00,-27.8581,76.15,False,6432.88,0.0169224,0.0132338,1.279,6432.919123,6432.88,0.0171469,1.32,0.0547189,5.0
6432.95,6433.516955,ADP.2023-03-23T01:02:04.809,1102.C-0923(C),2023-03-22T00:29:20.619+00:00,-27.525998,79.1,False,6432.86,0.007558,0.0091505,0.826,6432.926249,6432.86,0.0060461,0.578,0.0547189,5.0
6432.95,6433.516955,ADP.2023-03-27T01:01:37.767,1102.C-0923(C),2023-03-25T23:38:50.871+00:00,-27.009534,64.3,False,6432.86,0.0315648,0.009346,3.377,6432.937333,6432.86,0.0327978,3.53,0.0547189,5.0
6432.95,6433.516955,ADP.2023-03-31T01:01:58.594,1102.C-0923(C),2023-03-29T23:47:19.361+00:00,-26.447159,76.25,False,6432.85,0.0201253,0.0098922,2.034,6432.949401,6432.85,0.0201253,2.034,0.0547189,5.0
6432.95,6433.516955,ADP.2023-04-02T01:01:36.207,1102.C-0923(C),2023-03-31T23:35:46.943+00:00,-26.099517,72.9,False,6432.91,0.0351615,0.0089213,3.941,6432.956862,6432.91,0.0349046,3.679,0.0547189,5.0
6432.95,6433.516955,ADP.2023-08-23T01:02:46.829,106.21TJ.008,2023-08-22T09:08:19.406+00:00,26.047679,52.05,False,6432.98,0.0372878,0.0165069,2.259,6434.075935,6434.15,0.0177833,0.606,0.0547189,5.0
6432.95,6433.516955,ADP.2023-09-29T01:01:19.213,111.254R.002,2023-09-28T08:16:55.029+00:00,26.520802,56.1,False,6432.96,0.0425256,0.0176964,2.403,6434.086089,6434.12,0.046043,1.401,0.0547189,5.0
6432.95,6433.516955,ADP.2023-09-30T01:01:21.005,111.254R.002,2023-09-29T07:03:21.972+00:00,26.505763,55.8,False,6433.02,0.022302,0.0146292,1.524,6434.085766,6434.14,0.0380807,1.585,0.0547189,5.0
